posterior_label,observable_key,analysis,bin_index_after_mask,x_plot,target_plot,target_sigma_plot,posterior_prediction_lower,posterior_prediction_median,posterior_prediction_upper
SMF z0+z3,smf_z0,massFunctionStellarTomczak2014ZFOURGEz0,0,8.0,-1.37,0.03388554953347397,-1.6536219830790613,-1.6153103898805212,-1.5812503152407218
SMF z0+z3,smf_z0,massFunctionStellarTomczak2014ZFOURGEz0,1,8.25,-1.53,0.02764091299016487,-1.7091697768721557,-1.6773703479780901,-1.6477321674428418
SMF z0+z3,smf_z0,massFunctionStellarTomczak2014ZFOURGEz0,2,8.5,-1.71,0.03257053716126054,-1.78422569761566,-1.757047310960077,-1.731162325129964
SMF z0+z3,smf_z0,massFunctionStellarTomczak2014ZFOURGEz0,3,8.75,-1.8599999999999999,0.03875116762355399,-1.864125606207451,-1.8368428650265907,-1.8101225332061532
SMF z0+z3,smf_z0,massFunctionStellarTomczak2014ZFOURGEz0,4,9.0,-2.03,0.07310630328559199,-1.9641740529615663,-1.9295221130920657,-1.8962586168576416
SMF z0+z3,smf_z0,massFunctionStellarTomczak2014ZFOURGEz0,5,9.25,-2.01,0.11430786925422912,-2.0720578617888954,-2.033373119289148,-1.99246877881935
SMF z0+z3,smf_z0,massFunctionStellarTomczak2014ZFOURGEz0,6,9.5,-2.1,0.13425025335825852,-2.1942994194794516,-2.152388392790121,-2.1044166718731234
SMF z0+z3,smf_z0,massFunctionStellarTomczak2014ZFOURGEz0,7,9.75,-2.17,0.12870137534632478,-2.3233288003253336,-2.270696569672335,-2.216323959679969
SMF z0+z3,smf_z0,massFunctionStellarTomczak2014ZFOURGEz0,8,10.0,-2.24,0.1151563350336599,-2.426471742582387,-2.365859082545846,-2.307867820563862
SMF z0+z3,smf_z0,massFunctionStellarTomczak2014ZFOURGEz0,9,10.25,-2.31,0.09505799913247222,-2.5136955241733934,-2.437460071961235,-2.362697047845038
SMF z0+z3,smf_z0,massFunctionStellarTomczak2014ZFOURGEz0,10,10.5,-2.41,0.08563784812230946,-2.5861680169113117,-2.4776930701944213,-2.375179543548753
SMF z0+z3,smf_z0,massFunctionStellarTomczak2014ZFOURGEz0,11,10.75,-2.5300000000000002,0.08801978149982136,-2.672944662437136,-2.5408614355146546,-2.4069451143083898
SMF z0+z3,smf_z0,massFunctionStellarTomczak2014ZFOURGEz0,12,11.0,-2.91,0.08999910563249144,-2.871000993140189,-2.720732602559754,-2.5736030868740927
SMF z0+z3,smf_z0,massFunctionStellarTomczak2014ZFOURGEz0,13,11.25,-3.46,0.09992050649589666,-3.4458229718565034,-3.261471109333378,-3.0919881696203633
SMF z0+z3,smf_z3,massFunctionStellarTomczak2014ZFOURGEz3,0,8.75,-1.9899999999999998,0.035241959302866804,-1.91305217871345,-1.8840003327408945,-1.8552373694517015
SMF z0+z3,smf_z3,massFunctionStellarTomczak2014ZFOURGEz3,1,9.0,-2.14,0.038005862162430896,-2.037046108158322,-2.005267491197109,-1.972157292319437
SMF z0+z3,smf_z3,massFunctionStellarTomczak2014ZFOURGEz3,2,9.25,-2.24,0.039487599867068804,-2.1709198518249417,-2.1356590716703963,-2.099239959954438
SMF z0+z3,smf_z3,massFunctionStellarTomczak2014ZFOURGEz3,3,9.5,-2.29,0.048985169877665526,-2.2973435996623084,-2.2601053037434347,-2.2178171543701772
SMF z0+z3,smf_z3,massFunctionStellarTomczak2014ZFOURGEz3,4,9.75,-2.48,0.0510303444782522,-2.4324972903377753,-2.3885745176562216,-2.3387428925297886
SMF z0+z3,smf_z3,massFunctionStellarTomczak2014ZFOURGEz3,5,10.0,-2.59,0.04758057141795755,-2.5652765844349985,-2.5093666708999023,-2.447525613628285
SMF z0+z3,smf_z3,massFunctionStellarTomczak2014ZFOURGEz3,6,10.25,-2.73,0.05422430948896547,-2.696188622225727,-2.62047521570935,-2.538559623396272
SMF z0+z3,smf_z3,massFunctionStellarTomczak2014ZFOURGEz3,7,10.5,-2.64,0.03767295898922773,-2.8104637294167865,-2.707876823504421,-2.608449081039887
SMF z0+z3,smf_z3,massFunctionStellarTomczak2014ZFOURGEz3,8,10.75,-2.7199999999999998,0.04292670823333299,-2.926862513660356,-2.8026767106672255,-2.6795331262627626
SMF z0+z3,smf_z3,massFunctionStellarTomczak2014ZFOURGEz3,9,11.0,-3.01,0.05139680935005372,-3.2880221356725468,-3.12636020604873,-2.967590213750726
SMF z0+z3,smf_z3,massFunctionStellarTomczak2014ZFOURGEz3,10,11.25,-3.62,0.06979838494741979,-4.10046629304519,-3.9152150563550454,-3.7338220712911894
SMF z0+z3,size_mass_vdw2014_star_forming_z0,stellarSizeMassRelationvanDerWel2014Sample1,0,9.25,0.4900000000000002,0.009999999999999997,0.7533592870994535,0.8075404755388158,0.8570067882749847
SMF z0+z3,size_mass_vdw2014_star_forming_z0,stellarSizeMassRelationvanDerWel2014Sample1,1,9.75,0.6099999999999999,0.009999999999999998,0.7935559552775641,0.8512522283742925,0.9173513009165224
SMF z0+z3,size_mass_vdw2014_star_forming_z0,stellarSizeMassRelationvanDerWel2014Sample1,2,10.25,0.6600000000000001,0.009999999999999998,0.7759835247824831,0.8518143760782624,0.9377679985363225
SMF z0+z3,size_mass_vdw2014_star_forming_z0,stellarSizeMassRelationvanDerWel2014Sample1,3,10.75,0.8300000000000001,0.01,0.8143445690695024,0.8948572081532185,0.9783553750214266
SMF z0+z3,size_mass_vdw2014_quiescent_z0,stellarSizeMassRelationvanDerWel2014Sample7,0,9.25,0.27,0.009999999999999997,0.5106367893141415,0.5846518272960719,0.6976349306537752
SMF z0+z3,size_mass_vdw2014_quiescent_z0,stellarSizeMassRelationvanDerWel2014Sample7,1,9.75,0.28000000000000025,0.009999999999999998,0.5358281339806183,0.616283118476743,0.7856651231206252
SMF z0+z3,size_mass_vdw2014_quiescent_z0,stellarSizeMassRelationvanDerWel2014Sample7,2,10.25,0.3799999999999999,0.009999999999999998,0.5864343936534985,0.6720290209668376,0.8587844087173987
SMF z0+z3,size_mass_vdw2014_quiescent_z0,stellarSizeMassRelationvanDerWel2014Sample7,3,10.75,0.6699999999999999,0.009999999999999998,0.8158114388234894,0.8738513255968319,0.937581961885942
SMF z0+z3,size_mass_vdw2014_quiescent_z0,stellarSizeMassRelationvanDerWel2014Sample7,4,11.25,0.7599999999999998,0.009999999999999998,0.942597684451336,1.0251910259125823,1.0972563347819397
SMF z0+z3,sfr_function_robotham2011,starFormationRateFunctionRobotham2011,0,7.176091259055681,-1.2548312112854956,0.130493336169754,-1.5437322218470542,-1.5031895671062339,-1.465415671535176
SMF z0+z3,sfr_function_robotham2011,starFormationRateFunctionRobotham2011,1,7.301029995663981,-1.6000789981649997,0.11941405989069884,-1.533026523902088,-1.4932234561271647,-1.4549885897339088
SMF z0+z3,sfr_function_robotham2011,starFormationRateFunctionRobotham2011,2,7.414973347970818,-1.3525196308193832,0.0551227713848271,-1.5281519993393908,-1.4898398272163116,-1.451873722541016
SMF z0+z3,sfr_function_robotham2011,starFormationRateFunctionRobotham2011,3,7.544068044350276,-1.3065392744797073,0.03816103744721452,-1.5338355462922697,-1.4969423100305739,-1.4606300876500922
SMF z0+z3,sfr_function_robotham2011,starFormationRateFunctionRobotham2011,4,7.672097857935717,-1.3143671899501175,0.03204927461666128,-1.5515168851282377,-1.5176919316509303,-1.4792836933087414
SMF z0+z3,sfr_function_robotham2011,starFormationRateFunctionRobotham2011,5,7.799340549453582,-1.3502289006582016,0.027102806906128974,-1.5857084086318285,-1.5471053878349432,-1.5076550572557652
SMF z0+z3,sfr_function_robotham2011,starFormationRateFunctionRobotham2011,6,7.924279286061882,-1.4306079042053748,0.03231670600148942,-1.6294945986245741,-1.5844214274456998,-1.5385955011940533
SMF z0+z3,sfr_function_robotham2011,starFormationRateFunctionRobotham2011,7,8.049218022670182,-1.3628186867612504,0.019898918921290486,-1.671591773284029,-1.6217080039467242,-1.5708778276192708
SMF z0+z3,sfr_function_robotham2011,starFormationRateFunctionRobotham2011,8,8.173186268412275,-1.4646271911470679,0.018189123881309423,-1.7140989039426187,-1.6581574058518054,-1.5997420391965764
SMF z0+z3,sfr_function_robotham2011,starFormationRateFunctionRobotham2011,9,8.298853076409706,-1.5094819941361866,0.01564326332076906,-1.758884741549426,-1.6953002814039773,-1.6306081358118432
SMF z0+z3,sfr_function_robotham2011,starFormationRateFunctionRobotham2011,10,8.426511261364576,-1.5542100316265455,0.014438267299703886,-1.8070797764886868,-1.7363308079293638,-1.662920336743224
SMF z0+z3,sfr_function_robotham2011,starFormationRateFunctionRobotham2011,11,8.551449997972876,-1.6191670187810951,0.012981402409830861,-1.862623979725286,-1.782512878767494,-1.7014501758041736
SMF z0+z3,sfr_function_robotham2011,starFormationRateFunctionRobotham2011,12,8.677606952720494,-1.7167745098035025,0.012241718033736854,-1.928679817754429,-1.8357988030720052,-1.7461971219242225
SMF z0+z3,sfr_function_robotham2011,starFormationRateFunctionRobotham2011,13,8.803457115648413,-1.7776859816020187,0.011148050460116592,-1.9997619377232672,-1.8954203700901462,-1.7953120903620554
SMF z0+z3,sfr_function_robotham2011,starFormationRateFunctionRobotham2011,14,8.929418925714293,-1.8865052073171946,0.010780359479867954,-2.0825379158280133,-1.963802219282821,-1.8508813113297207
SMF z0+z3,sfr_function_robotham2011,starFormationRateFunctionRobotham2011,15,9.046495164334708,-1.9838967532295593,0.010792319053286932,-2.1745997430079926,-2.0402926407418365,-1.9127187225971205
SMF z0+z3,sfr_function_robotham2011,starFormationRateFunctionRobotham2011,16,9.181271771559462,-2.1454430580455623,0.012160804610744418,-2.2876651532509404,-2.1319459109110794,-1.9842496799922718
SMF z0+z3,sfr_function_robotham2011,starFormationRateFunctionRobotham2011,17,9.307067950661299,-2.3118583555290706,0.014353453131835519,-2.418183547436265,-2.2365658078652437,-2.0638860087201674
SMF z0+z3,sfr_function_robotham2011,starFormationRateFunctionRobotham2011,18,9.433129517580486,-2.5461173537048523,0.01828608344855797,-2.5528633680800987,-2.3423481001043953,-2.14003198393026
SMF z0+z3,sfr_function_robotham2011,starFormationRateFunctionRobotham2011,19,9.55894844597804,-2.7685525915695606,0.024649146270184562,-2.704769666322788,-2.462108294991385,-2.225167496730611
SMF z0+z3,sfr_function_robotham2011,starFormationRateFunctionRobotham2011,20,9.684755622108623,-3.124566711232598,0.03730136654383758,-2.8722828976269996,-2.6028255607578696,-2.337411383707502
SMF z0+z3,sfr_function_robotham2011,starFormationRateFunctionRobotham2011,21,9.810635700275537,-3.470466976552361,0.05022453192078422,-3.0377955517288675,-2.7505012154786943,-2.457198123771453
SMF z0+z3,sfr_function_robotham2011,starFormationRateFunctionRobotham2011,22,9.936513742478894,-3.947588231272023,0.12408413768664336,-3.20187953606211,-2.9001343843655603,-2.585130802186515
SMF z0+z3,sfr_function_robotham2011,starFormationRateFunctionRobotham2011,23,10.062356318085438,-5.035724319972574,0.43429448190325176,-3.4389811249461784,-3.1471087498808497,-2.8297934469262795
SMF z0+z3,sfr_function_robotham2011,starFormationRateFunctionRobotham2011,24,10.314099063295284,-4.792686271286279,0.43429448190325176,-3.951755823341145,-3.6920352225171205,-3.412433984661303
SFRF,smf_z0,massFunctionStellarTomczak2014ZFOURGEz0,0,8.0,-1.37,0.03388554953347397,-1.6389758593144899,-1.599387034548477,-1.5491467607886948
SFRF,smf_z0,massFunctionStellarTomczak2014ZFOURGEz0,1,8.25,-1.53,0.02764091299016487,-1.6541425149252835,-1.624962546031245,-1.5854474245835863
SFRF,smf_z0,massFunctionStellarTomczak2014ZFOURGEz0,2,8.5,-1.71,0.03257053716126054,-1.6787264425886024,-1.651618457038795,-1.616362631173673
SFRF,smf_z0,massFunctionStellarTomczak2014ZFOURGEz0,3,8.75,-1.8599999999999999,0.03875116762355399,-1.7063204098245162,-1.6719028031396552,-1.6348492127728995
SFRF,smf_z0,massFunctionStellarTomczak2014ZFOURGEz0,4,9.0,-2.03,0.07310630328559199,-1.759596548897286,-1.714223567874143,-1.6692303313684393
SFRF,smf_z0,massFunctionStellarTomczak2014ZFOURGEz0,5,9.25,-2.01,0.11430786925422912,-1.8505440883416409,-1.801138775177346,-1.749871965934956
SFRF,smf_z0,massFunctionStellarTomczak2014ZFOURGEz0,6,9.5,-2.1,0.13425025335825852,-1.999563987076915,-1.9470153274814574,-1.8885886227816746
SFRF,smf_z0,massFunctionStellarTomczak2014ZFOURGEz0,7,9.75,-2.17,0.12870137534632478,-2.210944537340045,-2.137076485941641,-2.062023774111307
SFRF,smf_z0,massFunctionStellarTomczak2014ZFOURGEz0,8,10.0,-2.24,0.1151563350336599,-2.4799333302937048,-2.3625432800934423,-2.263476171847624
SFRF,smf_z0,massFunctionStellarTomczak2014ZFOURGEz0,9,10.25,-2.31,0.09505799913247222,-2.838150259835938,-2.6632068156576123,-2.5061332078527996
SFRF,smf_z0,massFunctionStellarTomczak2014ZFOURGEz0,10,10.5,-2.41,0.08563784812230946,-3.3314980136995382,-3.07745612499908,-2.8428370592014636
SFRF,smf_z0,massFunctionStellarTomczak2014ZFOURGEz0,11,10.75,-2.5300000000000002,0.08801978149982136,-4.056546573329055,-3.689767191423439,-3.35373356589395
SFRF,smf_z0,massFunctionStellarTomczak2014ZFOURGEz0,12,11.0,-2.91,0.08999910563249144,-5.0899039469050855,-4.553141412109698,-4.055942425730382
SFRF,smf_z0,massFunctionStellarTomczak2014ZFOURGEz0,13,11.25,-3.46,0.09992050649589666,-6.135676393499573,-5.534626516685387,-4.880725931683234
SFRF,smf_z3,massFunctionStellarTomczak2014ZFOURGEz3,0,8.75,-1.9899999999999998,0.035241959302866804,-1.7159708326692702,-1.6569869819862555,-1.6042703705769523
SFRF,smf_z3,massFunctionStellarTomczak2014ZFOURGEz3,1,9.0,-2.14,0.038005862162430896,-1.836216436477892,-1.7668316841260021,-1.7031750992867885
SFRF,smf_z3,massFunctionStellarTomczak2014ZFOURGEz3,2,9.25,-2.24,0.039487599867068804,-2.009354229335666,-1.9262314674963603,-1.8482046221275612
SFRF,smf_z3,massFunctionStellarTomczak2014ZFOURGEz3,3,9.5,-2.29,0.048985169877665526,-2.240802889777866,-2.131852416197602,-2.0242294097985556
SFRF,smf_z3,massFunctionStellarTomczak2014ZFOURGEz3,4,9.75,-2.48,0.0510303444782522,-2.5413006330706778,-2.3913454981049993,-2.234956378720679
SFRF,smf_z3,massFunctionStellarTomczak2014ZFOURGEz3,5,10.0,-2.59,0.04758057141795755,-2.8908981188117404,-2.6919001654482417,-2.4749748772866993
SFRF,smf_z3,massFunctionStellarTomczak2014ZFOURGEz3,6,10.25,-2.73,0.05422430948896547,-3.4440982919571224,-3.163591222113592,-2.856943837780362
SFRF,smf_z3,massFunctionStellarTomczak2014ZFOURGEz3,7,10.5,-2.64,0.03767295898922773,-4.160585183766863,-3.7488414725739494,-3.363760067335472
SFRF,smf_z3,massFunctionStellarTomczak2014ZFOURGEz3,8,10.75,-2.7199999999999998,0.04292670823333299,-5.11856313243716,-4.558023818663289,-4.061491166746715
SFRF,smf_z3,massFunctionStellarTomczak2014ZFOURGEz3,9,11.0,-3.01,0.05139680935005372,-6.0866791223104855,-5.512833217502116,-4.919075620389786
SFRF,smf_z3,massFunctionStellarTomczak2014ZFOURGEz3,10,11.25,-3.62,0.06979838494741979,-6.6777385144233845,-6.28501987880888,-5.730878521776492
SFRF,size_mass_vdw2014_star_forming_z0,stellarSizeMassRelationvanDerWel2014Sample1,0,9.25,0.4900000000000002,0.009999999999999997,0.741642078798751,0.7778614137987434,0.813094664421982
SFRF,size_mass_vdw2014_star_forming_z0,stellarSizeMassRelationvanDerWel2014Sample1,1,9.75,0.6099999999999999,0.009999999999999998,0.8482841274953938,0.8827801303319176,0.915089870568411
SFRF,size_mass_vdw2014_star_forming_z0,stellarSizeMassRelationvanDerWel2014Sample1,2,10.25,0.6600000000000001,0.009999999999999998,0.9337984154626985,0.9774797809961526,1.0160236947331034
SFRF,size_mass_vdw2014_star_forming_z0,stellarSizeMassRelationvanDerWel2014Sample1,3,10.75,0.8300000000000001,0.01,0.9911549622335326,1.0622449837454295,1.1224010203186396
SFRF,size_mass_vdw2014_quiescent_z0,stellarSizeMassRelationvanDerWel2014Sample7,0,9.25,0.27,0.009999999999999997,0.6601644751966247,0.7101183989162323,0.7542562358668901
SFRF,size_mass_vdw2014_quiescent_z0,stellarSizeMassRelationvanDerWel2014Sample7,1,9.75,0.28000000000000025,0.009999999999999998,0.760064892854801,0.8164271021511114,0.8634149277066467
SFRF,size_mass_vdw2014_quiescent_z0,stellarSizeMassRelationvanDerWel2014Sample7,2,10.25,0.3799999999999999,0.009999999999999998,0.8412136292971437,0.9162959727151614,0.979153782776456
SFRF,size_mass_vdw2014_quiescent_z0,stellarSizeMassRelationvanDerWel2014Sample7,3,10.75,0.6699999999999999,0.009999999999999998,0.9091177666157646,1.0090041046816207,1.0957366546190979
SFRF,size_mass_vdw2014_quiescent_z0,stellarSizeMassRelationvanDerWel2014Sample7,4,11.25,0.7599999999999998,0.009999999999999998,1.0173500690275206,1.1527717355120712,1.2622121228080454
SFRF,sfr_function_robotham2011,starFormationRateFunctionRobotham2011,0,7.176091259055681,-1.2548312112854956,0.130493336169754,-1.4256175810291756,-1.3696052841803263,-1.3122984267462101
SFRF,sfr_function_robotham2011,starFormationRateFunctionRobotham2011,1,7.301029995663981,-1.6000789981649997,0.11941405989069884,-1.4140506756029676,-1.3666276675738085,-1.3182401728551811
SFRF,sfr_function_robotham2011,starFormationRateFunctionRobotham2011,2,7.414973347970818,-1.3525196308193832,0.0551227713848271,-1.4032187136137149,-1.3666867182095468,-1.3297919631308739
SFRF,sfr_function_robotham2011,starFormationRateFunctionRobotham2011,3,7.544068044350276,-1.3065392744797073,0.03816103744721452,-1.392968624928971,-1.363796279918681,-1.335794354458769
SFRF,sfr_function_robotham2011,starFormationRateFunctionRobotham2011,4,7.672097857935717,-1.3143671899501175,0.03204927461666128,-1.3846505107604405,-1.3581852739918674,-1.3344918791790497
SFRF,sfr_function_robotham2011,starFormationRateFunctionRobotham2011,5,7.799340549453582,-1.3502289006582016,0.027102806906128974,-1.3792151165081867,-1.3566983429666228,-1.3363617868568372
SFRF,sfr_function_robotham2011,starFormationRateFunctionRobotham2011,6,7.924279286061882,-1.4306079042053748,0.03231670600148942,-1.3929925603036377,-1.3694392242951237,-1.346914163139134
SFRF,sfr_function_robotham2011,starFormationRateFunctionRobotham2011,7,8.049218022670182,-1.3628186867612504,0.019898918921290486,-1.4263301377301503,-1.3996743826291143,-1.3741335003337833
SFRF,sfr_function_robotham2011,starFormationRateFunctionRobotham2011,8,8.173186268412275,-1.4646271911470679,0.018189123881309423,-1.4722465178053032,-1.4450437931827351,-1.418228940950096
SFRF,sfr_function_robotham2011,starFormationRateFunctionRobotham2011,9,8.298853076409706,-1.5094819941361866,0.01564326332076906,-1.5263752976584581,-1.5016969103392404,-1.475499410529111
SFRF,sfr_function_robotham2011,starFormationRateFunctionRobotham2011,10,8.426511261364576,-1.5542100316265455,0.014438267299703886,-1.5867852109500025,-1.5635891193943081,-1.5387215842152575
SFRF,sfr_function_robotham2011,starFormationRateFunctionRobotham2011,11,8.551449997972876,-1.6191670187810951,0.012981402409830861,-1.6561906761343994,-1.6317745660926557,-1.6068597994729275
SFRF,sfr_function_robotham2011,starFormationRateFunctionRobotham2011,12,8.677606952720494,-1.7167745098035025,0.012241718033736854,-1.7357450873193068,-1.708491397104036,-1.6818526794859405
SFRF,sfr_function_robotham2011,starFormationRateFunctionRobotham2011,13,8.803457115648413,-1.7776859816020187,0.011148050460116592,-1.8268909199047725,-1.795522942130122,-1.7653121511299639
SFRF,sfr_function_robotham2011,starFormationRateFunctionRobotham2011,14,8.929418925714293,-1.8865052073171946,0.010780359479867954,-1.9287684600794321,-1.8909281542529899,-1.8553467785059923
SFRF,sfr_function_robotham2011,starFormationRateFunctionRobotham2011,15,9.046495164334708,-1.9838967532295593,0.010792319053286932,-2.0437963783895468,-1.9991032893518805,-1.95785400467517
SFRF,sfr_function_robotham2011,starFormationRateFunctionRobotham2011,16,9.181271771559462,-2.1454430580455623,0.012160804610744418,-2.1849672253400523,-2.131214628380214,-2.079822931175111
SFRF,sfr_function_robotham2011,starFormationRateFunctionRobotham2011,17,9.307067950661299,-2.3118583555290706,0.014353453131835519,-2.3618350422842145,-2.297554101538771,-2.2360100937166623
SFRF,sfr_function_robotham2011,starFormationRateFunctionRobotham2011,18,9.433129517580486,-2.5461173537048523,0.01828608344855797,-2.5862606443405367,-2.510035982729669,-2.436195631057867
SFRF,sfr_function_robotham2011,starFormationRateFunctionRobotham2011,19,9.55894844597804,-2.7685525915695606,0.024649146270184562,-2.884543990214555,-2.792112985428608,-2.7024012646524094
SFRF,sfr_function_robotham2011,starFormationRateFunctionRobotham2011,20,9.684755622108623,-3.124566711232598,0.03730136654383758,-3.2524602179789475,-3.150169578914106,-3.046248489349835
SFRF,sfr_function_robotham2011,starFormationRateFunctionRobotham2011,21,9.810635700275537,-3.470466976552361,0.05022453192078422,-3.6866994280611194,-3.563600215285491,-3.437052244022665
SFRF,sfr_function_robotham2011,starFormationRateFunctionRobotham2011,22,9.936513742478894,-3.947588231272023,0.12408413768664336,-4.162083151020962,-3.99576075273017,-3.8304284509825033
SFRF,sfr_function_robotham2011,starFormationRateFunctionRobotham2011,23,10.062356318085438,-5.035724319972574,0.43429448190325176,-4.731250872627259,-4.499221969055103,-4.265090368989947
SFRF,sfr_function_robotham2011,starFormationRateFunctionRobotham2011,24,10.314099063295284,-4.792686271286279,0.43429448190325176,-5.41775914836116,-5.124870440768172,-4.815113251763516
Sizes,smf_z0,massFunctionStellarTomczak2014ZFOURGEz0,0,8.0,-1.37,0.03388554953347397,-1.897293982040944,-1.7031880556625387,-1.5793457531985764
Sizes,smf_z0,massFunctionStellarTomczak2014ZFOURGEz0,1,8.25,-1.53,0.02764091299016487,-1.6803803758305402,-1.5962069267327517,-1.5033028327816729
Sizes,smf_z0,massFunctionStellarTomczak2014ZFOURGEz0,2,8.5,-1.71,0.03257053716126054,-1.6248086919853348,-1.5481606585579142,-1.4518766770116847
Sizes,smf_z0,massFunctionStellarTomczak2014ZFOURGEz0,3,8.75,-1.8599999999999999,0.03875116762355399,-1.6290489133286976,-1.5377767704132141,-1.4291340441127616
Sizes,smf_z0,massFunctionStellarTomczak2014ZFOURGEz0,4,9.0,-2.03,0.07310630328559199,-1.6443285304701654,-1.5518938473291726,-1.4486227848589177
Sizes,smf_z0,massFunctionStellarTomczak2014ZFOURGEz0,5,9.25,-2.01,0.11430786925422912,-1.6707249935022714,-1.5775738258236325,-1.486419940669417
Sizes,smf_z0,massFunctionStellarTomczak2014ZFOURGEz0,6,9.5,-2.1,0.13425025335825852,-1.7395912733412888,-1.649148171032257,-1.5333908050070209
Sizes,smf_z0,massFunctionStellarTomczak2014ZFOURGEz0,7,9.75,-2.17,0.12870137534632478,-1.8929763137893834,-1.7707147644553434,-1.6218869334651262
Sizes,smf_z0,massFunctionStellarTomczak2014ZFOURGEz0,8,10.0,-2.24,0.1151563350336599,-2.097310433023568,-1.9239446833720713,-1.759709557469687
Sizes,smf_z0,massFunctionStellarTomczak2014ZFOURGEz0,9,10.25,-2.31,0.09505799913247222,-2.3590519448465272,-2.108185501596834,-1.9104969750392604
Sizes,smf_z0,massFunctionStellarTomczak2014ZFOURGEz0,10,10.5,-2.41,0.08563784812230946,-2.6636671570624935,-2.2942603388404947,-2.0220785838364987
Sizes,smf_z0,massFunctionStellarTomczak2014ZFOURGEz0,11,10.75,-2.5300000000000002,0.08801978149982136,-2.998489865522159,-2.4699672213314767,-2.123025468732218
Sizes,smf_z0,massFunctionStellarTomczak2014ZFOURGEz0,12,11.0,-2.91,0.08999910563249144,-3.41873819803135,-2.696535395361536,-2.252971305211549
Sizes,smf_z0,massFunctionStellarTomczak2014ZFOURGEz0,13,11.25,-3.46,0.09992050649589666,-4.107586706210305,-3.2372744070136688,-2.7475733615653115
Sizes,smf_z3,massFunctionStellarTomczak2014ZFOURGEz3,0,8.75,-1.9899999999999998,0.035241959302866804,-1.5945556459629642,-1.5014554589629092,-1.4106300940775238
Sizes,smf_z3,massFunctionStellarTomczak2014ZFOURGEz3,1,9.0,-2.14,0.038005862162430896,-1.6392176142176569,-1.5375883372033972,-1.4264908215737664
Sizes,smf_z3,massFunctionStellarTomczak2014ZFOURGEz3,2,9.25,-2.24,0.039487599867068804,-1.7218124901585314,-1.6102031189680757,-1.471716211323233
Sizes,smf_z3,massFunctionStellarTomczak2014ZFOURGEz3,3,9.5,-2.29,0.048985169877665526,-1.8440904609078852,-1.7144378229376749,-1.5502220495403691
Sizes,smf_z3,massFunctionStellarTomczak2014ZFOURGEz3,4,9.75,-2.48,0.0510303444782522,-2.0212513370454266,-1.849667917037235,-1.6798625238155018
Sizes,smf_z3,massFunctionStellarTomczak2014ZFOURGEz3,5,10.0,-2.59,0.04758057141795755,-2.2222917347860434,-1.9986087918690527,-1.8163492671706674
Sizes,smf_z3,massFunctionStellarTomczak2014ZFOURGEz3,6,10.25,-2.73,0.05422430948896547,-2.5508314230514757,-2.1986662080715393,-1.9697688962783577
Sizes,smf_z3,massFunctionStellarTomczak2014ZFOURGEz3,7,10.5,-2.64,0.03767295898922773,-2.9280521640844057,-2.377140310334415,-2.0779667173915546
Sizes,smf_z3,massFunctionStellarTomczak2014ZFOURGEz3,8,10.75,-2.7199999999999998,0.04292670823333299,-3.44122465902369,-2.592702531374917,-2.153804830611883
Sizes,smf_z3,massFunctionStellarTomczak2014ZFOURGEz3,9,11.0,-3.01,0.05139680935005372,-4.136573932677954,-3.0373663567581817,-2.3873242746477374
Sizes,smf_z3,massFunctionStellarTomczak2014ZFOURGEz3,10,11.25,-3.62,0.06979838494741979,-4.988984316427095,-3.8925314801223703,-3.1542120119583354
Sizes,size_mass_vdw2014_star_forming_z0,stellarSizeMassRelationvanDerWel2014Sample1,0,9.25,0.4900000000000002,0.009999999999999997,0.4608682328156028,0.4975382522756504,0.5320563074578731
Sizes,size_mass_vdw2014_star_forming_z0,stellarSizeMassRelationvanDerWel2014Sample1,1,9.75,0.6099999999999999,0.009999999999999998,0.5442466493098802,0.5711754022257967,0.5971805714150484
Sizes,size_mass_vdw2014_star_forming_z0,stellarSizeMassRelationvanDerWel2014Sample1,2,10.25,0.6600000000000001,0.009999999999999998,0.6206105662192013,0.6452308657893844,0.6703093495841315
Sizes,size_mass_vdw2014_star_forming_z0,stellarSizeMassRelationvanDerWel2014Sample1,3,10.75,0.8300000000000001,0.01,0.7415423219063534,0.7825291247564288,0.8312957737451828
Sizes,size_mass_vdw2014_quiescent_z0,stellarSizeMassRelationvanDerWel2014Sample7,0,9.25,0.27,0.009999999999999997,0.23166344992527854,0.2693714121576234,0.3057177629298184
Sizes,size_mass_vdw2014_quiescent_z0,stellarSizeMassRelationvanDerWel2014Sample7,1,9.75,0.28000000000000025,0.009999999999999998,0.3264323000234798,0.3529075209499093,0.3815681631156361
Sizes,size_mass_vdw2014_quiescent_z0,stellarSizeMassRelationvanDerWel2014Sample7,2,10.25,0.3799999999999999,0.009999999999999998,0.43328797470674135,0.4677792626941246,0.502648416565236
Sizes,size_mass_vdw2014_quiescent_z0,stellarSizeMassRelationvanDerWel2014Sample7,3,10.75,0.6699999999999999,0.009999999999999998,0.5946846178307086,0.6369504715256022,0.6797207495972396
Sizes,size_mass_vdw2014_quiescent_z0,stellarSizeMassRelationvanDerWel2014Sample7,4,11.25,0.7599999999999998,0.009999999999999998,0.7068054647324447,0.7585293165954234,0.8201546950569368
Sizes,sfr_function_robotham2011,starFormationRateFunctionRobotham2011,0,7.176091259055681,-1.2548312112854956,0.130493336169754,-1.4382874383064819,-1.3321103303514752,-1.206159431896551
Sizes,sfr_function_robotham2011,starFormationRateFunctionRobotham2011,1,7.301029995663981,-1.6000789981649997,0.11941405989069884,-1.411907711479049,-1.3017521375757117,-1.168513709926575
Sizes,sfr_function_robotham2011,starFormationRateFunctionRobotham2011,2,7.414973347970818,-1.3525196308193832,0.0551227713848271,-1.3949180214414685,-1.2842642393164054,-1.138716798337513
Sizes,sfr_function_robotham2011,starFormationRateFunctionRobotham2011,3,7.544068044350276,-1.3065392744797073,0.03816103744721452,-1.3896901714316647,-1.274379168033269,-1.1170394112480886
Sizes,sfr_function_robotham2011,starFormationRateFunctionRobotham2011,4,7.672097857935717,-1.3143671899501175,0.03204927461666128,-1.3836757510651052,-1.2687237855016926,-1.1143831473091819
Sizes,sfr_function_robotham2011,starFormationRateFunctionRobotham2011,5,7.799340549453582,-1.3502289006582016,0.027102806906128974,-1.3700088330045042,-1.264352624179398,-1.1269334925499561
Sizes,sfr_function_robotham2011,starFormationRateFunctionRobotham2011,6,7.924279286061882,-1.4306079042053748,0.03231670600148942,-1.3519410598733934,-1.2637932435032442,-1.1469979546810791
Sizes,sfr_function_robotham2011,starFormationRateFunctionRobotham2011,7,8.049218022670182,-1.3628186867612504,0.019898918921290486,-1.3387372415533727,-1.2612349139073489,-1.16306169854164
Sizes,sfr_function_robotham2011,starFormationRateFunctionRobotham2011,8,8.173186268412275,-1.4646271911470679,0.018189123881309423,-1.3363748563114535,-1.2648305001739701,-1.1828426155892648
Sizes,sfr_function_robotham2011,starFormationRateFunctionRobotham2011,9,8.298853076409706,-1.5094819941361866,0.01564326332076906,-1.3554347361761239,-1.280436970931941,-1.2056589870621421
Sizes,sfr_function_robotham2011,starFormationRateFunctionRobotham2011,10,8.426511261364576,-1.5542100316265455,0.014438267299703886,-1.3916989759878826,-1.3107975023890437,-1.2329714237268192
Sizes,sfr_function_robotham2011,starFormationRateFunctionRobotham2011,11,8.551449997972876,-1.6191670187810951,0.012981402409830861,-1.4515340739730236,-1.3580146194258544,-1.2674414214733782
Sizes,sfr_function_robotham2011,starFormationRateFunctionRobotham2011,12,8.677606952720494,-1.7167745098035025,0.012241718033736854,-1.5354754273160576,-1.423797063886584,-1.3136470341836655
Sizes,sfr_function_robotham2011,starFormationRateFunctionRobotham2011,13,8.803457115648413,-1.7776859816020187,0.011148050460116592,-1.6433262989894413,-1.504524323082678,-1.3678906927252823
Sizes,sfr_function_robotham2011,starFormationRateFunctionRobotham2011,14,8.929418925714293,-1.8865052073171946,0.010780359479867954,-1.782764438221953,-1.5974966459126552,-1.4347824944952356
Sizes,sfr_function_robotham2011,starFormationRateFunctionRobotham2011,15,9.046495164334708,-1.9838967532295593,0.010792319053286932,-1.950316402480471,-1.7019400637334443,-1.5136232260067473
Sizes,sfr_function_robotham2011,starFormationRateFunctionRobotham2011,16,9.181271771559462,-2.1454430580455623,0.012160804610744418,-2.1453402960487526,-1.8232197149014813,-1.6016623719232244
Sizes,sfr_function_robotham2011,starFormationRateFunctionRobotham2011,17,9.307067950661299,-2.3118583555290706,0.014353453131835519,-2.368395625856387,-1.9642180295038492,-1.6934413614590156
Sizes,sfr_function_robotham2011,starFormationRateFunctionRobotham2011,18,9.433129517580486,-2.5461173537048523,0.01828608344855797,-2.602707596176748,-2.114906880030515,-1.7856862777406348
Sizes,sfr_function_robotham2011,starFormationRateFunctionRobotham2011,19,9.55894844597804,-2.7685525915695606,0.024649146270184562,-2.851593199593496,-2.2770133732160356,-1.8765773665647485
Sizes,sfr_function_robotham2011,starFormationRateFunctionRobotham2011,20,9.684755622108623,-3.124566711232598,0.03730136654383758,-3.133039430949095,-2.437463386747501,-1.984392050853181
Sizes,sfr_function_robotham2011,starFormationRateFunctionRobotham2011,21,9.810635700275537,-3.470466976552361,0.05022453192078422,-3.3926396069398024,-2.595077403504333,-2.088426149539977
Sizes,sfr_function_robotham2011,starFormationRateFunctionRobotham2011,22,9.936513742478894,-3.947588231272023,0.12408413768664336,-3.6770303294949156,-2.7813006454465494,-2.2092973624731567
Sizes,sfr_function_robotham2011,starFormationRateFunctionRobotham2011,23,10.062356318085438,-5.035724319972574,0.43429448190325176,-4.05747111445787,-3.0623252665234504,-2.447131413662853
Sizes,sfr_function_robotham2011,starFormationRateFunctionRobotham2011,24,10.314099063295284,-4.792686271286279,0.43429448190325176,-4.635609915684672,-3.664980069539099,-3.0489919358457818
Combined,smf_z0,massFunctionStellarTomczak2014ZFOURGEz0,0,8.0,-1.37,0.03388554953347397,-1.6112834610689235,-1.5783894887005667,-1.551746257982079
Combined,smf_z0,massFunctionStellarTomczak2014ZFOURGEz0,1,8.25,-1.53,0.02764091299016487,-1.6889065803250516,-1.6634442700171659,-1.6368695636311474
Combined,smf_z0,massFunctionStellarTomczak2014ZFOURGEz0,2,8.5,-1.71,0.03257053716126054,-1.7536136927085724,-1.7329670519361753,-1.7082842376634466
Combined,smf_z0,massFunctionStellarTomczak2014ZFOURGEz0,3,8.75,-1.8599999999999999,0.03875116762355399,-1.7976625825583457,-1.7764606168739234,-1.7562450030107641
Combined,smf_z0,massFunctionStellarTomczak2014ZFOURGEz0,4,9.0,-2.03,0.07310630328559199,-1.8539760515836334,-1.829606115226151,-1.8062171140161627
Combined,smf_z0,massFunctionStellarTomczak2014ZFOURGEz0,5,9.25,-2.01,0.11430786925422912,-1.9342881853546074,-1.9069235649937828,-1.878504001309505
Combined,smf_z0,massFunctionStellarTomczak2014ZFOURGEz0,6,9.5,-2.1,0.13425025335825852,-2.0496758340140593,-2.019797483403807,-1.988737020437427
Combined,smf_z0,massFunctionStellarTomczak2014ZFOURGEz0,7,9.75,-2.17,0.12870137534632478,-2.1884968963925036,-2.156219729520016,-2.123449427684764
Combined,smf_z0,massFunctionStellarTomczak2014ZFOURGEz0,8,10.0,-2.24,0.1151563350336599,-2.328012604429007,-2.2886472654117727,-2.251522976011483
Combined,smf_z0,massFunctionStellarTomczak2014ZFOURGEz0,9,10.25,-2.31,0.09505799913247222,-2.4592159398402504,-2.4058551885376698,-2.3555159248026127
Combined,smf_z0,massFunctionStellarTomczak2014ZFOURGEz0,10,10.5,-2.41,0.08563784812230946,-2.57194875326396,-2.4906176134455427,-2.416275784952878
Combined,smf_z0,massFunctionStellarTomczak2014ZFOURGEz0,11,10.75,-2.5300000000000002,0.08801978149982136,-2.677286116088272,-2.5596882484106875,-2.4512281546642405
Combined,smf_z0,massFunctionStellarTomczak2014ZFOURGEz0,12,11.0,-2.91,0.08999910563249144,-2.846974458117573,-2.6994198849852484,-2.564822883289529
Combined,smf_z0,massFunctionStellarTomczak2014ZFOURGEz0,13,11.25,-3.46,0.09992050649589666,-3.3780104529535993,-3.2096059207824132,-3.0533420450164597
Combined,smf_z3,massFunctionStellarTomczak2014ZFOURGEz3,0,8.75,-1.9899999999999998,0.035241959302866804,-1.8256460415288494,-1.7989096122132087,-1.769930498643952
Combined,smf_z3,massFunctionStellarTomczak2014ZFOURGEz3,1,9.0,-2.14,0.038005862162430896,-1.939717002547865,-1.9079028510484195,-1.8732344084813521
Combined,smf_z3,massFunctionStellarTomczak2014ZFOURGEz3,2,9.25,-2.24,0.039487599867068804,-2.0764921939267547,-2.04200150605209,-2.0033668019843214
Combined,smf_z3,massFunctionStellarTomczak2014ZFOURGEz3,3,9.5,-2.29,0.048985169877665526,-2.2216239682681587,-2.1853932644778844,-2.1452541470447968
Combined,smf_z3,massFunctionStellarTomczak2014ZFOURGEz3,4,9.75,-2.48,0.0510303444782522,-2.384568309585756,-2.344649703512496,-2.3031301737008634
Combined,smf_z3,massFunctionStellarTomczak2014ZFOURGEz3,5,10.0,-2.59,0.04758057141795755,-2.5425399393869883,-2.4966726372334906,-2.445342735823049
Combined,smf_z3,massFunctionStellarTomczak2014ZFOURGEz3,6,10.25,-2.73,0.05422430948896547,-2.6929970424793637,-2.626878181157288,-2.5544168899340867
Combined,smf_z3,massFunctionStellarTomczak2014ZFOURGEz3,7,10.5,-2.64,0.03767295898922773,-2.7717644014305205,-2.675725189819773,-2.576020283709451
Combined,smf_z3,massFunctionStellarTomczak2014ZFOURGEz3,8,10.75,-2.7199999999999998,0.04292670823333299,-2.807682261775728,-2.678076743853978,-2.5432129833661987
Combined,smf_z3,massFunctionStellarTomczak2014ZFOURGEz3,9,11.0,-3.01,0.05139680935005372,-3.0728051513150887,-2.899924381194806,-2.735930743098934
Combined,smf_z3,massFunctionStellarTomczak2014ZFOURGEz3,10,11.25,-3.62,0.06979838494741979,-3.853551260695612,-3.678737588861057,-3.5133149862652453
Combined,size_mass_vdw2014_star_forming_z0,stellarSizeMassRelationvanDerWel2014Sample1,0,9.25,0.4900000000000002,0.009999999999999997,0.6078157841602153,0.6384130326015536,0.6656859932482521
Combined,size_mass_vdw2014_star_forming_z0,stellarSizeMassRelationvanDerWel2014Sample1,1,9.75,0.6099999999999999,0.009999999999999998,0.6497520932754582,0.6753226153246779,0.6994032588474778
Combined,size_mass_vdw2014_star_forming_z0,stellarSizeMassRelationvanDerWel2014Sample1,2,10.25,0.6600000000000001,0.009999999999999998,0.6367581690316658,0.6585014875694561,0.6806225807432077
Combined,size_mass_vdw2014_star_forming_z0,stellarSizeMassRelationvanDerWel2014Sample1,3,10.75,0.8300000000000001,0.01,0.6684197310999374,0.690518056062269,0.7160079664742961
Combined,size_mass_vdw2014_quiescent_z0,stellarSizeMassRelationvanDerWel2014Sample7,0,9.25,0.27,0.009999999999999997,0.38115723793204354,0.4119155931448617,0.43914824398791574
Combined,size_mass_vdw2014_quiescent_z0,stellarSizeMassRelationvanDerWel2014Sample7,1,9.75,0.28000000000000025,0.009999999999999998,0.38201231464156155,0.41088552627526775,0.43892928327158365
Combined,size_mass_vdw2014_quiescent_z0,stellarSizeMassRelationvanDerWel2014Sample7,2,10.25,0.3799999999999999,0.009999999999999998,0.42402271026873867,0.4586478545035839,0.4911971883872221
Combined,size_mass_vdw2014_quiescent_z0,stellarSizeMassRelationvanDerWel2014Sample7,3,10.75,0.6699999999999999,0.009999999999999998,0.70093677487209,0.7300915822348077,0.758955040618702
Combined,size_mass_vdw2014_quiescent_z0,stellarSizeMassRelationvanDerWel2014Sample7,4,11.25,0.7599999999999998,0.009999999999999998,0.7759955047166274,0.8211865150340023,0.8872833977827639
Combined,sfr_function_robotham2011,starFormationRateFunctionRobotham2011,0,7.176091259055681,-1.2548312112854956,0.130493336169754,-1.4734070156735573,-1.4421875989686237,-1.4148662775881402
Combined,sfr_function_robotham2011,starFormationRateFunctionRobotham2011,1,7.301029995663981,-1.6000789981649997,0.11941405989069884,-1.460284023177659,-1.430175232877668,-1.4046941240388942
Combined,sfr_function_robotham2011,starFormationRateFunctionRobotham2011,2,7.414973347970818,-1.3525196308193832,0.0551227713848271,-1.4537345047213381,-1.4265088967439805,-1.4021927441953421
Combined,sfr_function_robotham2011,starFormationRateFunctionRobotham2011,3,7.544068044350276,-1.3065392744797073,0.03816103744721452,-1.4527421423913638,-1.4290332085885171,-1.4071594002828105
Combined,sfr_function_robotham2011,starFormationRateFunctionRobotham2011,4,7.672097857935717,-1.3143671899501175,0.03204927461666128,-1.457564352255418,-1.4356626160456,-1.4124877641175813
Combined,sfr_function_robotham2011,starFormationRateFunctionRobotham2011,5,7.799340549453582,-1.3502289006582016,0.027102806906128974,-1.465655917354031,-1.4436088329377041,-1.4172091190807927
Combined,sfr_function_robotham2011,starFormationRateFunctionRobotham2011,6,7.924279286061882,-1.4306079042053748,0.03231670600148942,-1.4763167374582393,-1.4522827171599286,-1.4244183873175444
Combined,sfr_function_robotham2011,starFormationRateFunctionRobotham2011,7,8.049218022670182,-1.3628186867612504,0.019898918921290486,-1.491383806241778,-1.4653198855263114,-1.4394783068114014
Combined,sfr_function_robotham2011,starFormationRateFunctionRobotham2011,8,8.173186268412275,-1.4646271911470679,0.018189123881309423,-1.5143670717092153,-1.488161883335323,-1.4625783958449396
Combined,sfr_function_robotham2011,starFormationRateFunctionRobotham2011,9,8.298853076409706,-1.5094819941361866,0.01564326332076906,-1.5483743758091837,-1.521328596627432,-1.4953965134795801
Combined,sfr_function_robotham2011,starFormationRateFunctionRobotham2011,10,8.426511261364576,-1.5542100316265455,0.014438267299703886,-1.5940816199087946,-1.5661048215999873,-1.5396600921838468
Combined,sfr_function_robotham2011,starFormationRateFunctionRobotham2011,11,8.551449997972876,-1.6191670187810951,0.012981402409830861,-1.652104414930422,-1.6231016276236643,-1.5957429833347192
Combined,sfr_function_robotham2011,starFormationRateFunctionRobotham2011,12,8.677606952720494,-1.7167745098035025,0.012241718033736854,-1.7234527501917056,-1.6933768995640297,-1.6647538441468923
Combined,sfr_function_robotham2011,starFormationRateFunctionRobotham2011,13,8.803457115648413,-1.7776859816020187,0.011148050460116592,-1.8114721285689068,-1.7781781418363158,-1.74885345297835
Combined,sfr_function_robotham2011,starFormationRateFunctionRobotham2011,14,8.929418925714293,-1.8865052073171946,0.010780359479867954,-1.9172734104774682,-1.8797001312409134,-1.8466385014506534
Combined,sfr_function_robotham2011,starFormationRateFunctionRobotham2011,15,9.046495164334708,-1.9838967532295593,0.010792319053286932,-2.047455434614139,-2.002749912605923,-1.9609487777141128
Combined,sfr_function_robotham2011,starFormationRateFunctionRobotham2011,16,9.181271771559462,-2.1454430580455623,0.012160804610744418,-2.21558725225114,-2.153850985284018,-2.098428333127791
Combined,sfr_function_robotham2011,starFormationRateFunctionRobotham2011,17,9.307067950661299,-2.3118583555290706,0.014353453131835519,-2.4166621939955517,-2.33394618391353,-2.256390947885642
Combined,sfr_function_robotham2011,starFormationRateFunctionRobotham2011,18,9.433129517580486,-2.5461173537048523,0.01828608344855797,-2.642777165329792,-2.538566554802398,-2.436938137294572
Combined,sfr_function_robotham2011,starFormationRateFunctionRobotham2011,19,9.55894844597804,-2.7685525915695606,0.024649146270184562,-2.8956915985734564,-2.7742361669913427,-2.650457797112493
Combined,sfr_function_robotham2011,starFormationRateFunctionRobotham2011,20,9.684755622108623,-3.124566711232598,0.03730136654383758,-3.161608368943624,-3.0335464825064946,-2.8984587158486446
Combined,sfr_function_robotham2011,starFormationRateFunctionRobotham2011,21,9.810635700275537,-3.470466976552361,0.05022453192078422,-3.4389453854732466,-3.3068246028569734,-3.1677738385753123
Combined,sfr_function_robotham2011,starFormationRateFunctionRobotham2011,22,9.936513742478894,-3.947588231272023,0.12408413768664336,-3.7240702481743724,-3.5875744180911537,-3.4401714114101116
Combined,sfr_function_robotham2011,starFormationRateFunctionRobotham2011,23,10.062356318085438,-5.035724319972574,0.43429448190325176,-4.098756876606678,-3.949424884365886,-3.7691319324965824
Combined,sfr_function_robotham2011,starFormationRateFunctionRobotham2011,24,10.314099063295284,-4.792686271286279,0.43429448190325176,-4.674415208224201,-4.508076546415596,-4.296422441584131
