observable_key,method,subset_size,bin_index,x_plot,n_train_mean,n_test_total,pca_components_mean,pca_explained_variance_mean,n_valid,rmse,bias,r2,normalized_rmse,coverage_1sigma
smf_z0,bin_by_bin,64,0,8.0,51.1875,64,,,64,0.23910223469940545,0.0022244299936846623,0.06410376817691477,2.4914656088702465,0.65625
smf_z0,bin_by_bin,64,1,8.25,51.1875,64,,,64,0.1323513202866975,-0.000856583213015568,0.24014414212341428,1.622534355869327,0.4375
smf_z0,bin_by_bin,64,2,8.5,51.1875,64,,,64,0.09652970096151778,0.003678228692962679,0.6623501525602216,1.5841550030769949,0.40625
smf_z0,bin_by_bin,64,3,8.75,51.1875,64,,,64,0.1271007749867272,0.015989053483268154,0.6704097812206707,1.7917413025080884,0.53125
smf_z0,bin_by_bin,64,4,9.0,51.1875,64,,,64,0.14683840992651423,0.02129013663267195,0.7557462435481788,1.5291473336553798,0.59375
smf_z0,bin_by_bin,64,5,9.25,51.1875,64,,,64,0.1968452550712181,0.015927326971817493,0.7443522853503539,1.4553939732278305,0.65625
smf_z0,bin_by_bin,64,6,9.5,51.1875,64,,,64,0.25517184956086114,0.00981125466322267,0.7413332575559854,1.359517352230787,0.671875
smf_z0,bin_by_bin,64,7,9.75,51.1875,64,,,64,0.317589795751227,0.01271971600222753,0.7532380075374433,1.2273455549700643,0.71875
smf_z0,bin_by_bin,64,8,10.0,51.1875,64,,,64,0.42919401360941645,0.06732672556994704,0.7203618087558423,1.2417565325751696,0.6875
smf_z0,bin_by_bin,64,9,10.25,51.1875,64,,,64,0.5005927186934663,0.0391672924714817,0.7373109655627292,1.2868578892495792,0.703125
smf_z0,bin_by_bin,64,10,10.5,51.1875,64,,,64,0.6908032560834116,0.04081714225448787,0.6196688016247561,1.4653861256053982,0.609375
smf_z0,bin_by_bin,64,11,10.75,51.1875,64,,,64,0.7862171534418444,0.006741315104986462,0.6133063262699796,1.480923498477359,0.5625
smf_z0,bin_by_bin,64,12,11.0,51.1875,64,,,64,0.9694632295402111,0.061112607266356846,0.39899065862840866,1.7446580019341853,0.5
smf_z0,bin_by_bin,64,13,11.25,51.1875,64,,,64,0.9696482569325708,0.07409505240844129,0.3406240297658045,1.677327688813044,0.515625
smf_z0,bin_by_bin,128,0,8.0,102.390625,128,,,128,0.11083450731575024,0.0023860794642707305,0.7543958757371247,1.2379389072361147,0.6640625
smf_z0,bin_by_bin,128,1,8.25,102.390625,128,,,128,0.07332412559898657,0.0010594381216471709,0.7197243634686064,1.4065864196626665,0.6484375
smf_z0,bin_by_bin,128,2,8.5,102.390625,128,,,128,0.058365250491293263,0.0029501036143655835,0.8638335002174946,1.2752576111184275,0.6171875
smf_z0,bin_by_bin,128,3,8.75,102.390625,128,,,128,0.08689869348370928,-0.0065082258001340765,0.8315152091902304,1.5009422271241772,0.609375
smf_z0,bin_by_bin,128,4,9.0,102.390625,128,,,128,0.11405289223934305,-0.003043277592007728,0.838173967613244,1.5273055450752524,0.6171875
smf_z0,bin_by_bin,128,5,9.25,102.390625,128,,,128,0.12191531650630798,-0.00016428574074890158,0.8904661512658365,1.3564727713746267,0.703125
smf_z0,bin_by_bin,128,6,9.5,102.390625,128,,,128,0.19145914303425635,0.0011882509729495769,0.8280149998767128,1.567971812090868,0.6953125
smf_z0,bin_by_bin,128,7,9.75,102.390625,128,,,128,0.2544723709571664,0.015143433940609463,0.8014277916308803,1.5385943310240646,0.65625
smf_z0,bin_by_bin,128,8,10.0,102.390625,128,,,128,0.3539164123781467,0.024774290694790327,0.7503867956880078,1.5267429057090531,0.6015625
smf_z0,bin_by_bin,128,9,10.25,102.390625,128,,,128,0.4030598817534489,0.03452495258213192,0.7852618685283772,1.3692547502018544,0.5625
smf_z0,bin_by_bin,128,10,10.5,102.390625,128,,,128,0.46840958953910933,0.0587574359107334,0.7994724543385643,1.3848552582289637,0.5546875
smf_z0,bin_by_bin,128,11,10.75,102.390625,128,,,128,0.568248138090902,0.09666027854451109,0.7903283025726965,1.3616347689449677,0.5859375
smf_z0,bin_by_bin,128,12,11.0,102.390625,128,,,128,0.7054276118252752,0.14520444995673287,0.7110697609419963,1.436136918100262,0.578125
smf_z0,bin_by_bin,128,13,11.25,102.390625,128,,,128,0.7371135088714088,0.14958843258561394,0.665483573492355,1.5493246679419423,0.4921875
smf_z0,bin_by_bin,256,0,8.0,204.796875,256,,,256,0.13512624440376117,-0.0014759844534651444,0.6907020911168289,1.3163043587661891,0.765625
smf_z0,bin_by_bin,256,1,8.25,204.796875,256,,,256,0.0736329061711155,0.0001954317743612802,0.7557611565080165,1.3033948545897733,0.67578125
smf_z0,bin_by_bin,256,2,8.5,204.796875,256,,,256,0.04822642498208894,0.0012781567981108959,0.904789225531836,1.213452667100614,0.65625
smf_z0,bin_by_bin,256,3,8.75,204.796875,256,,,256,0.06278620133939494,4.443281193552886e-05,0.9029820594928023,1.3393894650711358,0.56640625
smf_z0,bin_by_bin,256,4,9.0,204.796875,256,,,256,0.09140451444650259,0.000943438268737681,0.8778705837079714,1.4724263072842658,0.65625
smf_z0,bin_by_bin,256,5,9.25,204.796875,256,,,256,0.1189968290149099,-0.005260064586909661,0.8730927294331948,1.444248806577209,0.69140625
smf_z0,bin_by_bin,256,6,9.5,204.796875,256,,,256,0.15642240734897014,-0.005434394021272488,0.8630792863001278,1.3872732739377294,0.72265625
smf_z0,bin_by_bin,256,7,9.75,204.796875,256,,,256,0.20500506390580808,0.011510997831838787,0.8478605891073788,1.3442110256380793,0.6796875
smf_z0,bin_by_bin,256,8,10.0,204.796875,256,,,256,0.267905819282817,0.02170237128002405,0.8314470853374103,1.342077464566742,0.625
smf_z0,bin_by_bin,256,9,10.25,204.796875,256,,,256,0.32682527539012085,0.022230288222100405,0.8327151629674375,1.323150053408091,0.63671875
smf_z0,bin_by_bin,256,10,10.5,204.796875,256,,,256,0.4381754652553276,0.018556949352209764,0.8006438620595531,1.39225949189294,0.58203125
smf_z0,bin_by_bin,256,11,10.75,204.796875,256,,,256,0.5537166172948792,0.02699720809762709,0.7828297068241938,1.4207941173066183,0.55859375
smf_z0,bin_by_bin,256,12,11.0,204.796875,256,,,256,0.6044256768805341,0.0660760514394339,0.7865630604147639,1.3699890284130454,0.5390625
smf_z0,bin_by_bin,256,13,11.25,204.796875,256,,,256,0.6160259798833647,0.07442273718361439,0.7685441579826824,1.4099334660046419,0.55859375
smf_z0,bin_by_bin,512,0,8.0,409.59765625,512,,,512,0.12254392220629208,-0.0016574496173350469,0.7811430834970106,1.378194197119516,0.765625
smf_z0,bin_by_bin,512,1,8.25,409.59765625,512,,,512,0.08474286456517012,-0.00032068389826840843,0.7110437205011333,1.3346213368710353,0.724609375
smf_z0,bin_by_bin,512,2,8.5,409.59765625,512,,,512,0.053320553823219416,0.0002673752303116116,0.8902965819008629,1.2709570380583648,0.685546875
smf_z0,bin_by_bin,512,3,8.75,409.59765625,512,,,512,0.06005376308696587,0.0014554837922274707,0.913406689820904,1.3355709108000204,0.619140625
smf_z0,bin_by_bin,512,4,9.0,409.59765625,512,,,512,0.0772015426496143,0.004340638089139979,0.9128068458617477,1.323790879960267,0.69140625
smf_z0,bin_by_bin,512,5,9.25,409.59765625,512,,,512,0.09679928884647401,0.0032436977535145583,0.9160231293326265,1.2893854647573502,0.6875
smf_z0,bin_by_bin,512,6,9.5,409.59765625,512,,,512,0.12287816371268594,-0.000599524338773048,0.9172238839040334,1.2023038882753958,0.701171875
smf_z0,bin_by_bin,512,7,9.75,409.59765625,512,,,512,0.1650571122177691,0.0023205057172007485,0.9036458904287752,1.184927736013667,0.701171875
smf_z0,bin_by_bin,512,8,10.0,409.59765625,512,,,512,0.22191142532443758,0.009071575376218527,0.8860065228478997,1.2146708480529218,0.66796875
smf_z0,bin_by_bin,512,9,10.25,409.59765625,512,,,512,0.30313292697662936,0.01807831553323087,0.8623353189052804,1.3117787824685814,0.65625
smf_z0,bin_by_bin,512,10,10.5,409.59765625,512,,,512,0.39564746906667225,0.03607876254714332,0.8472612185780684,1.3967788436618074,0.650390625
smf_z0,bin_by_bin,512,11,10.75,409.59765625,512,,,512,0.45969907311774794,0.061853157423779864,0.8559962175323339,1.321935492613795,0.619140625
smf_z0,bin_by_bin,512,12,11.0,409.59765625,512,,,512,0.5193496937720034,0.07632602283261206,0.846907932606006,1.2828983829748473,0.609375
smf_z0,bin_by_bin,512,13,11.25,409.59765625,512,,,512,0.5804419348895331,0.09125282384623937,0.8036658901270457,1.3471223321683383,0.57421875
smf_z0,bin_by_bin,1024,0,8.0,819.19921875,1024,,,1024,0.0878033444725063,0.0022838696779133695,0.8806001997461312,1.2849738196263034,0.7568359375
smf_z0,bin_by_bin,1024,1,8.25,819.19921875,1024,,,1024,0.06822528152099007,0.0008669294746095698,0.8091362316675539,1.3347163716687902,0.7333984375
smf_z0,bin_by_bin,1024,2,8.5,819.19921875,1024,,,1024,0.04352223470195191,1.5233375609962317e-05,0.9261059755966721,1.2188093505174122,0.662109375
smf_z0,bin_by_bin,1024,3,8.75,819.19921875,1024,,,1024,0.04774302898797847,0.0016242518332527335,0.9459480074822028,1.1851338707323493,0.6669921875
smf_z0,bin_by_bin,1024,4,9.0,819.19921875,1024,,,1024,0.06256262236045261,0.0017778331681290692,0.94494653269493,1.2293201525713773,0.7041015625
smf_z0,bin_by_bin,1024,5,9.25,819.19921875,1024,,,1024,0.07421045394890483,0.0010405565186080712,0.9524994151177745,1.244927538214599,0.68359375
smf_z0,bin_by_bin,1024,6,9.5,819.19921875,1024,,,1024,0.09329998412240877,0.0001696207773128123,0.9526891186547443,1.136670299371138,0.73046875
smf_z0,bin_by_bin,1024,7,9.75,819.19921875,1024,,,1024,0.1315062344038918,0.001853782502513085,0.9385971770228558,1.1406779280960406,0.7021484375
smf_z0,bin_by_bin,1024,8,10.0,819.19921875,1024,,,1024,0.18797005186178067,0.004461152493287463,0.9170419222917634,1.1993428792627132,0.693359375
smf_z0,bin_by_bin,1024,9,10.25,819.19921875,1024,,,1024,0.2534150617700748,0.011342981953968035,0.9020156433916938,1.2744785091789246,0.6884765625
smf_z0,bin_by_bin,1024,10,10.5,819.19921875,1024,,,1024,0.32936674433700075,0.03500590852065466,0.893652805551498,1.3791353871664391,0.630859375
smf_z0,bin_by_bin,1024,11,10.75,819.19921875,1024,,,1024,0.3989733683489697,0.05668385099612811,0.8910172064981281,1.363038235525704,0.6240234375
smf_z0,bin_by_bin,1024,12,11.0,819.19921875,1024,,,1024,0.46573149138583575,0.06989876844328695,0.8762752135432998,1.4069768450847624,0.6005859375
smf_z0,bin_by_bin,1024,13,11.25,819.19921875,1024,,,1024,0.4940065743098523,0.08360084055887568,0.8549887207742455,1.3786888158720148,0.5908203125
smf_z0,pca_0p9,64,0,8.0,51.1875,64,3.0,0.9520664354659648,64,0.18036591545616865,0.0005241567338640889,0.4674389879765293,1.543542413493872,0.53125
smf_z0,pca_0p9,64,1,8.25,51.1875,64,3.0,0.9520664354659648,64,0.10201591601394411,0.008818283584400934,0.5485490961560846,1.4005155102974527,0.578125
smf_z0,pca_0p9,64,2,8.5,51.1875,64,3.0,0.9520664354659648,64,0.09337666942247201,0.013835917212315946,0.6840477918225174,1.3432054728438578,0.640625
smf_z0,pca_0p9,64,3,8.75,51.1875,64,3.0,0.9520664354659648,64,0.12582702920216327,0.019917450525692163,0.6769826846387786,1.3880923908116336,0.640625
smf_z0,pca_0p9,64,4,9.0,51.1875,64,3.0,0.9520664354659648,64,0.16805212765702723,0.027536221232622164,0.6800737052612317,1.4277863996390714,0.671875
smf_z0,pca_0p9,64,5,9.25,51.1875,64,3.0,0.9520664354659648,64,0.21307726065834237,0.03592188307047399,0.7004521387702822,1.3958015385639702,0.734375
smf_z0,pca_0p9,64,6,9.5,51.1875,64,3.0,0.9520664354659648,64,0.2690517613333018,0.04535531692689635,0.7124278994746893,1.4244010160659066,0.6875
smf_z0,pca_0p9,64,7,9.75,51.1875,64,3.0,0.9520664354659648,64,0.3432634164903183,0.05480097908472442,0.7117294812051471,1.5281751147653064,0.671875
smf_z0,pca_0p9,64,8,10.0,51.1875,64,3.0,0.9520664354659648,64,0.43489901181796997,0.06754612382650804,0.7128783014866498,1.5297728578293313,0.59375
smf_z0,pca_0p9,64,9,10.25,51.1875,64,3.0,0.9520664354659648,64,0.48565316667077313,0.08266940511598964,0.7527562413283484,1.3724674719758898,0.578125
smf_z0,pca_0p9,64,10,10.5,51.1875,64,3.0,0.9520664354659648,64,0.5691020819075129,0.09520028838052225,0.7418729318281271,1.360840087135175,0.609375
smf_z0,pca_0p9,64,11,10.75,51.1875,64,3.0,0.9520664354659648,64,0.7136041553850873,0.09623196322581012,0.6814359397815569,1.4641948978765198,0.5625
smf_z0,pca_0p9,64,12,11.0,51.1875,64,3.0,0.9520664354659648,64,0.787232221651488,0.0780091633915225,0.603699826589936,1.5698410153615032,0.578125
smf_z0,pca_0p9,64,13,11.25,51.1875,64,3.0,0.9520664354659648,64,0.8509661472961164,0.0535463657909105,0.49215726858378117,1.9701886599765326,0.515625
smf_z0,pca_0p9,128,0,8.0,102.390625,128,3.0,0.9441640364282233,128,0.1282242452636773,0.001252566293794409,0.6712801212241369,1.2367543814458513,0.6328125
smf_z0,pca_0p9,128,1,8.25,102.390625,128,3.0,0.9441640364282233,128,0.07323340082978534,-0.0006714886156029016,0.7204175108082898,1.329277649111875,0.53125
smf_z0,pca_0p9,128,2,8.5,102.390625,128,3.0,0.9441640364282233,128,0.06142007011361744,-0.0013801071304260348,0.8492066525796305,1.3121996953643797,0.6171875
smf_z0,pca_0p9,128,3,8.75,102.390625,128,3.0,0.9441640364282233,128,0.07675800790084412,-0.0007758305520167864,0.8685436410340931,1.2115434331519537,0.6484375
smf_z0,pca_0p9,128,4,9.0,102.390625,128,3.0,0.9441640364282233,128,0.10017864499663681,0.000702726977445332,0.8751507071456167,1.2220196264049699,0.6796875
smf_z0,pca_0p9,128,5,9.25,102.390625,128,3.0,0.9441640364282233,128,0.12957013069163573,0.0036870972280001364,0.8762795187667358,1.2796502391691487,0.6328125
smf_z0,pca_0p9,128,6,9.5,102.390625,128,3.0,0.9441640364282233,128,0.1737699033079455,0.008821251477834954,0.8583268766357677,1.4462332009124683,0.6796875
smf_z0,pca_0p9,128,7,9.75,102.390625,128,3.0,0.9441640364282233,128,0.2502453132449799,0.016279025282066144,0.8079699927702848,1.7985465758153916,0.5703125
smf_z0,pca_0p9,128,8,10.0,102.390625,128,3.0,0.9441640364282233,128,0.34197552442424445,0.027026622821347882,0.766946194939185,1.9868195143978509,0.4375
smf_z0,pca_0p9,128,9,10.25,102.390625,128,3.0,0.9441640364282233,128,0.4004098811125719,0.03521831440547492,0.7880762667001713,1.7832731650512432,0.4609375
smf_z0,pca_0p9,128,10,10.5,102.390625,128,3.0,0.9441640364282233,128,0.4636024684279305,0.03904793511563617,0.803567220240514,1.5977902985187764,0.453125
smf_z0,pca_0p9,128,11,10.75,102.390625,128,3.0,0.9441640364282233,128,0.5904042093992701,0.043198964035963475,0.7736592978969923,1.5566838854285043,0.53125
smf_z0,pca_0p9,128,12,11.0,102.390625,128,3.0,0.9441640364282233,128,0.6982195676198514,0.05214003352622006,0.7169441605474265,1.60802573820214,0.546875
smf_z0,pca_0p9,128,13,11.25,102.390625,128,3.0,0.9441640364282233,128,0.8105746518583571,0.048633895191220564,0.5954848936324775,2.0281120984390966,0.40625
smf_z0,pca_0p9,256,0,8.0,204.796875,256,3.0,0.9380208457322525,256,0.11446733188354057,-0.0026330349165400863,0.7780471679794387,1.1386332337717198,0.74609375
smf_z0,pca_0p9,256,1,8.25,204.796875,256,3.0,0.9380208457322525,256,0.07464757945496685,-0.00030113925604022176,0.7489834762511532,1.2677812018861383,0.63671875
smf_z0,pca_0p9,256,2,8.5,204.796875,256,3.0,0.9380208457322525,256,0.05662630231862714,0.0011971036647477912,0.8687339652254709,1.2942034400544424,0.5078125
smf_z0,pca_0p9,256,3,8.75,204.796875,256,3.0,0.9380208457322525,256,0.06266186456465928,0.001985673743785413,0.9033659321704848,1.1559938708874586,0.640625
smf_z0,pca_0p9,256,4,9.0,204.796875,256,3.0,0.9380208457322525,256,0.08261939782711936,0.002366030717879518,0.9002187270556814,1.206513187290849,0.75390625
smf_z0,pca_0p9,256,5,9.25,204.796875,256,3.0,0.9380208457322525,256,0.10637723071729706,0.002742779252605105,0.8985824564929719,1.2616243128143507,0.7265625
smf_z0,pca_0p9,256,6,9.5,204.796875,256,3.0,0.9380208457322525,256,0.142456976955157,0.0029359551010560477,0.8864365254735652,1.4610574302353587,0.63671875
smf_z0,pca_0p9,256,7,9.75,204.796875,256,3.0,0.9380208457322525,256,0.20571831584623076,0.0021016140451809015,0.8468001031076324,1.9273418248740048,0.4921875
smf_z0,pca_0p9,256,8,10.0,204.796875,256,3.0,0.9380208457322525,256,0.27647211685566564,0.0004827949167213897,0.8204957861509729,2.1211358118804724,0.40234375
smf_z0,pca_0p9,256,9,10.25,204.796875,256,3.0,0.9380208457322525,256,0.3302294801333443,-0.0017630051002486989,0.8292121435761084,1.9070652878217187,0.453125
smf_z0,pca_0p9,256,10,10.5,204.796875,256,3.0,0.9380208457322525,256,0.4210336367137767,-0.00468433846400983,0.8159367502934503,1.7398944972073358,0.4921875
smf_z0,pca_0p9,256,11,10.75,204.796875,256,3.0,0.9380208457322525,256,0.5672915179602147,-0.008320970384146167,0.7720508990209919,1.7547471133236145,0.4453125
smf_z0,pca_0p9,256,12,11.0,204.796875,256,3.0,0.9380208457322525,256,0.6965890561385242,-0.010233878453490967,0.7165104410414636,1.893236252886613,0.34765625
smf_z0,pca_0p9,256,13,11.25,204.796875,256,3.0,0.9380208457322525,256,0.7654555206570549,-0.009332653416709143,0.642636650658838,2.2547198281634033,0.3046875
smf_z0,pca_0p9,512,0,8.0,409.59765625,512,3.0,0.9332767182910111,512,0.1345768826832618,-0.001878067871280733,0.7360524400962857,1.2661538326033803,0.7109375
smf_z0,pca_0p9,512,1,8.25,409.59765625,512,3.0,0.9332767182910111,512,0.08332723575862389,-0.0004903787698254166,0.7206171095169409,1.4444201028832342,0.67578125
smf_z0,pca_0p9,512,2,8.5,409.59765625,512,3.0,0.9332767182910111,512,0.06626435317610549,0.00025537179104474393,0.8305698161029312,1.6500076449130063,0.509765625
smf_z0,pca_0p9,512,3,8.75,409.59765625,512,3.0,0.9332767182910111,512,0.06644289381727,0.0005995668162293785,0.8940011954419821,1.3425163430692897,0.595703125
smf_z0,pca_0p9,512,4,9.0,409.59765625,512,3.0,0.9332767182910111,512,0.07956719310935552,0.0008418526507416721,0.9073813371853289,1.285827299745182,0.638671875
smf_z0,pca_0p9,512,5,9.25,409.59765625,512,3.0,0.9332767182910111,512,0.09415666985691878,0.0013529357051379875,0.9205456766556274,1.2879443757832825,0.654296875
smf_z0,pca_0p9,512,6,9.5,409.59765625,512,3.0,0.9332767182910111,512,0.12681401589634334,0.0020447641227711185,0.9118362343369564,1.5879141508823642,0.57421875
smf_z0,pca_0p9,512,7,9.75,409.59765625,512,3.0,0.9332767182910111,512,0.17881581899591847,0.002742993866989868,0.8869127535738414,2.1250337655882947,0.42578125
smf_z0,pca_0p9,512,8,10.0,409.59765625,512,3.0,0.9332767182910111,512,0.23851534845742614,0.0032779191879383817,0.8683098362615335,2.337139185002257,0.38671875
smf_z0,pca_0p9,512,9,10.25,409.59765625,512,3.0,0.9332767182910111,512,0.3046848537037337,0.0037165807940091776,0.8609221277191109,2.1308113571233878,0.4296875
smf_z0,pca_0p9,512,10,10.5,409.59765625,512,3.0,0.9332767182910111,512,0.38670266983106655,0.004085176418402637,0.8540893881657572,1.8861181822339739,0.49609375
smf_z0,pca_0p9,512,11,10.75,409.59765625,512,3.0,0.9332767182910111,512,0.4847892098981711,0.005397340176728641,0.8398479384337042,1.740208336444296,0.474609375
smf_z0,pca_0p9,512,12,11.0,409.59765625,512,3.0,0.9332767182910111,512,0.597644773663628,0.005927936341597179,0.7972694586120564,1.8395250185668748,0.41796875
smf_z0,pca_0p9,512,13,11.25,409.59765625,512,3.0,0.9332767182910111,512,0.7222970745621116,0.004083648558571969,0.6959745728853222,2.384778591920751,0.3359375
smf_z0,pca_0p9,1024,0,8.0,819.19921875,1024,3.0,0.933681814583099,1024,0.10139638160184837,0.0023063010184201215,0.840769449270427,1.2052934677779132,0.7255859375
smf_z0,pca_0p9,1024,1,8.25,819.19921875,1024,3.0,0.933681814583099,1024,0.0707975334941415,0.0010818764941617352,0.794472908422661,1.4631634289371147,0.6591796875
smf_z0,pca_0p9,1024,2,8.5,819.19921875,1024,3.0,0.933681814583099,1024,0.05652478035996975,-2.714359656309025e-05,0.8753579126726543,1.7772558141269683,0.4560546875
smf_z0,pca_0p9,1024,3,8.75,819.19921875,1024,3.0,0.933681814583099,1024,0.057415762781291825,-0.0005609857043715287,0.9218274915140099,1.4491930756136424,0.5595703125
smf_z0,pca_0p9,1024,4,9.0,819.19921875,1024,3.0,0.933681814583099,1024,0.06856515643280858,-0.0005265995311182347,0.9338756021422041,1.3484745219008063,0.6259765625
smf_z0,pca_0p9,1024,5,9.25,819.19921875,1024,3.0,0.933681814583099,1024,0.08054741864612053,-0.0002154283111124129,0.9440407307548825,1.3477322978788542,0.6357421875
smf_z0,pca_0p9,1024,6,9.5,819.19921875,1024,3.0,0.933681814583099,1024,0.11027425636156264,0.0002560293680508559,0.9339084139039134,1.7183180021621713,0.5322265625
smf_z0,pca_0p9,1024,7,9.75,819.19921875,1024,3.0,0.933681814583099,1024,0.1628559407715297,0.0011581166013247737,0.9058321044180839,2.3966901406102243,0.3984375
smf_z0,pca_0p9,1024,8,10.0,819.19921875,1024,3.0,0.933681814583099,1024,0.21942176656085036,0.0025774670800454095,0.8869577554881678,2.6731258722721143,0.3369140625
smf_z0,pca_0p9,1024,9,10.25,819.19921875,1024,3.0,0.933681814583099,1024,0.2779201908395924,0.0045564339210257205,0.8821493189712708,2.3945636196793396,0.3720703125
smf_z0,pca_0p9,1024,10,10.5,819.19921875,1024,3.0,0.933681814583099,1024,0.34629535382795307,0.0068424113441563,0.882439920047149,2.0538185319321873,0.4306640625
smf_z0,pca_0p9,1024,11,10.75,819.19921875,1024,3.0,0.933681814583099,1024,0.4161576084472495,0.008850078206318753,0.8814270023801393,1.8225625554962361,0.4970703125
smf_z0,pca_0p9,1024,12,11.0,819.19921875,1024,3.0,0.933681814583099,1024,0.5336278245654127,0.009842962739525186,0.8375714240207903,2.04882856140738,0.4267578125
smf_z0,pca_0p9,1024,13,11.25,819.19921875,1024,3.0,0.933681814583099,1024,0.6811501735856944,0.009213355495920915,0.7243093294199245,2.8107886002451896,0.271484375
smf_z0,pca_0p99,64,0,8.0,51.1875,64,5.609375,0.9937154005251545,64,0.18306842604839166,0.0012051745124136114,0.4513601819733295,1.504556005607187,0.53125
smf_z0,pca_0p99,64,1,8.25,51.1875,64,5.609375,0.9937154005251545,64,0.10200769311068107,0.00832530267028275,0.5486218708297739,1.3679911548006116,0.625
smf_z0,pca_0p99,64,2,8.5,51.1875,64,5.609375,0.9937154005251545,64,0.09305634388597171,0.012080077102317729,0.6862118005978276,1.2233019602767987,0.65625
smf_z0,pca_0p99,64,3,8.75,51.1875,64,5.609375,0.9937154005251545,64,0.12754528039498556,0.018746018975467245,0.6681004197282661,1.3439431990177393,0.640625
smf_z0,pca_0p99,64,4,9.0,51.1875,64,5.609375,0.9937154005251545,64,0.17139590341909836,0.028207438579893305,0.6672157371325789,1.4043115932897379,0.703125
smf_z0,pca_0p99,64,5,9.25,51.1875,64,5.609375,0.9937154005251545,64,0.21430412493514697,0.03886634804234315,0.6969927120362884,1.3626039520177184,0.734375
smf_z0,pca_0p99,64,6,9.5,51.1875,64,5.609375,0.9937154005251545,64,0.2707423028008929,0.05049242426307251,0.7088027242493129,1.381626728251166,0.671875
smf_z0,pca_0p99,64,7,9.75,51.1875,64,5.609375,0.9937154005251545,64,0.35566943364116965,0.062226830284818915,0.6905159474940447,1.4519005772492768,0.640625
smf_z0,pca_0p99,64,8,10.0,51.1875,64,5.609375,0.9937154005251545,64,0.4593783351832463,0.0729733281458036,0.6796459699576001,1.4500762159466145,0.609375
smf_z0,pca_0p99,64,9,10.25,51.1875,64,5.609375,0.9937154005251545,64,0.509209563174745,0.07772626399176674,0.72818964980894,1.3485753787182473,0.59375
smf_z0,pca_0p99,64,10,10.5,51.1875,64,5.609375,0.9937154005251545,64,0.5795158209114066,0.07730631599366511,0.7323398028257346,1.3667612145901507,0.625
smf_z0,pca_0p99,64,11,10.75,51.1875,64,5.609375,0.9937154005251545,64,0.7255633825419211,0.07026999412478752,0.6706688953097946,1.4444499081920497,0.53125
smf_z0,pca_0p99,64,12,11.0,51.1875,64,5.609375,0.9937154005251545,64,0.7975696844876504,0.06901323952076273,0.5932235372303316,1.5046230540322667,0.609375
smf_z0,pca_0p99,64,13,11.25,51.1875,64,5.609375,0.9937154005251545,64,0.8827509842607766,0.0877122100968781,0.453511415137379,1.5533807561560926,0.59375
smf_z0,pca_0p99,128,0,8.0,102.390625,128,6.0,0.9939506464895165,128,0.12911025569819812,0.000797057679409097,0.6667216153585741,1.2017096536167897,0.65625
smf_z0,pca_0p99,128,1,8.25,102.390625,128,6.0,0.9939506464895165,128,0.07269232588049293,-0.0007690875484859614,0.7245335628241252,1.252797021919119,0.6015625
smf_z0,pca_0p99,128,2,8.5,102.390625,128,6.0,0.9939506464895165,128,0.06149442435090984,-0.0010632674900235266,0.8488413351538375,1.1049347283393012,0.640625
smf_z0,pca_0p99,128,3,8.75,102.390625,128,6.0,0.9939506464895165,128,0.0775621911906325,-0.0009289813180361969,0.8657747107021354,1.1257412414971197,0.671875
smf_z0,pca_0p99,128,4,9.0,102.390625,128,6.0,0.9939506464895165,128,0.10208146120046746,-0.0007573378150875394,0.8703628316051886,1.130546129987928,0.71875
smf_z0,pca_0p99,128,5,9.25,102.390625,128,6.0,0.9939506464895165,128,0.12948464397750536,0.0010697755120424833,0.8764427194724975,1.1817160670908737,0.6875
smf_z0,pca_0p99,128,6,9.5,102.390625,128,6.0,0.9939506464895165,128,0.17100624306031997,0.006044653828472196,0.862797418977229,1.3157768680312814,0.6953125
smf_z0,pca_0p99,128,7,9.75,102.390625,128,6.0,0.9939506464895165,128,0.25062516446859107,0.015178198489485904,0.8073865796961623,1.489362574358947,0.6328125
smf_z0,pca_0p99,128,8,10.0,102.390625,128,6.0,0.9939506464895165,128,0.3475998109430858,0.030637763058765664,0.7592173373378149,1.5868598179879592,0.6015625
smf_z0,pca_0p99,128,9,10.25,102.390625,128,6.0,0.9939506464895165,128,0.4088356400675272,0.04560025287068649,0.77906347448869,1.5113954343127112,0.5390625
smf_z0,pca_0p99,128,10,10.5,102.390625,128,6.0,0.9939506464895165,128,0.4726348897380573,0.054758358028546075,0.7958384101449785,1.4704288395461158,0.5625
smf_z0,pca_0p99,128,11,10.75,102.390625,128,6.0,0.9939506464895165,128,0.5865318412898886,0.05856861743299034,0.77661862702676,1.4227912908944367,0.5625
smf_z0,pca_0p99,128,12,11.0,102.390625,128,6.0,0.9939506464895165,128,0.6711018346667287,0.04602218296762696,0.7385040665510127,1.4376331789509216,0.5703125
smf_z0,pca_0p99,128,13,11.25,102.390625,128,6.0,0.9939506464895165,128,0.7698501187626251,0.012782973207598268,0.6351107489599679,1.440300747687082,0.5546875
smf_z0,pca_0p99,256,0,8.0,204.796875,256,6.0,0.9929807437696223,256,0.11373036653255628,-0.0008127362735108968,0.7808959282263118,1.0590668895203297,0.77734375
smf_z0,pca_0p99,256,1,8.25,204.796875,256,6.0,0.9929807437696223,256,0.07244989776536312,-0.0012929043225290088,0.7635461414716656,1.1569582204962285,0.69140625
smf_z0,pca_0p99,256,2,8.5,204.796875,256,6.0,0.9929807437696223,256,0.05100693972910381,-0.0004892674157577614,0.8934938966660133,0.9527987491989285,0.71875
smf_z0,pca_0p99,256,3,8.75,204.796875,256,6.0,0.9929807437696223,256,0.05824349927222427,0.0011672437381635634,0.9165130580584787,0.974555502675973,0.75
smf_z0,pca_0p99,256,4,9.0,204.796875,256,6.0,0.9929807437696223,256,0.08100683044774368,0.0028674797922514693,0.9040757815901904,1.0520255439291462,0.80078125
smf_z0,pca_0p99,256,5,9.25,204.796875,256,6.0,0.9929807437696223,256,0.10495622908516793,0.004112917255552304,0.9012738584648914,1.138947280508217,0.78125
smf_z0,pca_0p99,256,6,9.5,204.796875,256,6.0,0.9929807437696223,256,0.13712633396471022,0.0048318436822064855,0.8947764489258986,1.2649330637812444,0.734375
smf_z0,pca_0p99,256,7,9.75,204.796875,256,6.0,0.9929807437696223,256,0.1932017870861507,0.004700626635104465,0.8648752725246279,1.369155375685108,0.65234375
smf_z0,pca_0p99,256,8,10.0,204.796875,256,6.0,0.9929807437696223,256,0.25900126478818875,0.003831785386247165,0.8424654770064515,1.4190252316708825,0.62890625
smf_z0,pca_0p99,256,9,10.25,204.796875,256,6.0,0.9929807437696223,256,0.31982876885608796,0.001676943919930082,0.8398007942344127,1.4737685775338816,0.5546875
smf_z0,pca_0p99,256,10,10.5,204.796875,256,6.0,0.9929807437696223,256,0.42864826364519487,-0.0022318591014647993,0.8092187735454286,1.5528812982568927,0.53125
smf_z0,pca_0p99,256,11,10.75,204.796875,256,6.0,0.9929807437696223,256,0.5740762019550406,-0.008516320637322406,0.7665658499935414,1.5933520008330735,0.52734375
smf_z0,pca_0p99,256,12,11.0,204.796875,256,6.0,0.9929807437696223,256,0.6627590117637058,-0.01611430877669933,0.7433773074411403,1.6079875765573548,0.4609375
smf_z0,pca_0p99,256,13,11.25,204.796875,256,6.0,0.9929807437696223,256,0.6931843170761697,-0.0216839440226154,0.7069325756400877,1.4393392929683622,0.515625
smf_z0,pca_0p99,512,0,8.0,409.59765625,512,6.0,0.9925253822060193,512,0.12749913331412277,-0.0010351045220270381,0.7630857473796577,1.1122507646084854,0.771484375
smf_z0,pca_0p99,512,1,8.25,409.59765625,512,6.0,0.9925253822060193,512,0.08163071239335344,-0.0009282571727933027,0.7318776425089207,1.3309033184240378,0.73828125
smf_z0,pca_0p99,512,2,8.5,409.59765625,512,6.0,0.9925253822060193,512,0.056497646241436744,-0.00017762180067641643,0.8768337933246325,1.0525982009434334,0.76953125
smf_z0,pca_0p99,512,3,8.75,409.59765625,512,6.0,0.9925253822060193,512,0.058372851779172,0.000921045001493025,0.9181863608146603,0.980236022146636,0.748046875
smf_z0,pca_0p99,512,4,9.0,409.59765625,512,6.0,0.9925253822060193,512,0.07564211148059775,0.0015575101528723045,0.9162937824822336,1.0487646435913334,0.78125
smf_z0,pca_0p99,512,5,9.25,409.59765625,512,6.0,0.9925253822060193,512,0.09078906901108008,0.0017850142000586386,0.9261275540519747,1.1139693689052697,0.732421875
smf_z0,pca_0p99,512,6,9.5,409.59765625,512,6.0,0.9925253822060193,512,0.11603930641534624,0.001610721933174841,0.9261813891035127,1.1983084110954936,0.69921875
smf_z0,pca_0p99,512,7,9.75,409.59765625,512,6.0,0.9925253822060193,512,0.1573015084356756,0.0016399533903076607,0.9124880156238115,1.2459978629061483,0.6640625
smf_z0,pca_0p99,512,8,10.0,409.59765625,512,6.0,0.9925253822060193,512,0.2132684512928434,0.002793967194121237,0.8947132049591552,1.345729167726834,0.609375
smf_z0,pca_0p99,512,9,10.25,409.59765625,512,6.0,0.9925253822060193,512,0.2860487869450926,0.004873737957812284,0.8774152268034494,1.4620879358524053,0.595703125
smf_z0,pca_0p99,512,10,10.5,409.59765625,512,6.0,0.9925253822060193,512,0.3834885699416365,0.007266646203840284,0.856504796063735,1.5371344728590033,0.603515625
smf_z0,pca_0p99,512,11,10.75,409.59765625,512,6.0,0.9925253822060193,512,0.4821643414639576,0.008953411985215601,0.8415775150158278,1.550783260401027,0.5390625
smf_z0,pca_0p99,512,12,11.0,409.59765625,512,6.0,0.9925253822060193,512,0.5527534536046108,0.005007327739648661,0.8265813274237903,1.4776572886465071,0.49609375
smf_z0,pca_0p99,512,13,11.25,409.59765625,512,6.0,0.9925253822060193,512,0.613827988916418,-0.00222946966028896,0.7804307239645274,1.3182193884337314,0.544921875
smf_z0,pca_0p99,1024,0,8.0,819.19921875,1024,6.0,0.9919515649121582,1024,0.09285354468412799,0.0020779521234116772,0.8664701202188092,1.0141560601906692,0.79296875
smf_z0,pca_0p99,1024,1,8.25,819.19921875,1024,6.0,0.9919515649121582,1024,0.06812840001850011,0.001127408290278717,0.8096779088666234,1.2721752461867175,0.76171875
smf_z0,pca_0p99,1024,2,8.5,819.19921875,1024,6.0,0.9919515649121582,1024,0.044232396114588325,0.00010947978426604468,0.9236748126914535,0.9928375885102733,0.767578125
smf_z0,pca_0p99,1024,3,8.75,819.19921875,1024,6.0,0.9919515649121582,1024,0.04780302573874385,-0.0005179952192010376,0.9458120721789317,0.9831069349432762,0.7548828125
smf_z0,pca_0p99,1024,4,9.0,819.19921875,1024,6.0,0.9919515649121582,1024,0.062372980366011764,-0.0006582315710721516,0.9452797868080385,1.0198580976685974,0.7880859375
smf_z0,pca_0p99,1024,5,9.25,819.19921875,1024,6.0,0.9919515649121582,1024,0.07400064834708456,-0.000502084738463394,0.9527676199497181,1.0917739967790372,0.734375
smf_z0,pca_0p99,1024,6,9.5,819.19921875,1024,6.0,0.9919515649121582,1024,0.09241815759280107,-8.598594412321321e-05,0.9535792116610617,1.1660837666580255,0.6953125
smf_z0,pca_0p99,1024,7,9.75,819.19921875,1024,6.0,0.9919515649121582,1024,0.12549521808594424,0.0009435525631592925,0.9440822086807295,1.1993635258930184,0.6845703125
smf_z0,pca_0p99,1024,8,10.0,819.19921875,1024,6.0,0.9919515649121582,1024,0.17273190055450158,0.0027592415909353813,0.929947044818348,1.3326002635688718,0.654296875
smf_z0,pca_0p99,1024,9,10.25,819.19921875,1024,6.0,0.9919515649121582,1024,0.24090853649346616,0.005257668643466302,0.911448427758821,1.5099256947829807,0.59765625
smf_z0,pca_0p99,1024,10,10.5,819.19921875,1024,6.0,0.9919515649121582,1024,0.32636726518099485,0.008030111267743546,0.8955809523712038,1.5584140066635537,0.58203125
smf_z0,pca_0p99,1024,11,10.75,819.19921875,1024,6.0,0.9919515649121582,1024,0.404485178681142,0.009792291306160852,0.8879852158265266,1.5514025228244033,0.5634765625
smf_z0,pca_0p99,1024,12,11.0,819.19921875,1024,6.0,0.9919515649121582,1024,0.4720174355842062,0.00950225231658811,0.8729128660048971,1.544098385644303,0.5302734375
smf_z0,pca_0p99,1024,13,11.25,819.19921875,1024,6.0,0.9919515649121582,1024,0.5238921907825062,0.0072003786396708045,0.8369126874734356,1.360011222851686,0.5654296875
smf_z0,pca_0p999,64,0,8.0,51.1875,64,9.203125,0.9991951096351777,64,0.18433983183932334,0.0014632774920561725,0.4437131390676958,1.5054090491832948,0.546875
smf_z0,pca_0p999,64,1,8.25,51.1875,64,9.203125,0.9991951096351777,64,0.10193993293181601,0.008208672742889132,0.5492213413874145,1.3568483536401064,0.59375
smf_z0,pca_0p999,64,2,8.5,51.1875,64,9.203125,0.9991951096351777,64,0.09283412487404458,0.010780764215255496,0.6877086667603622,1.2057288050704897,0.671875
smf_z0,pca_0p999,64,3,8.75,51.1875,64,9.203125,0.9991951096351777,64,0.1256925189166142,0.019834377512012377,0.6776729326375561,1.3074354463507905,0.65625
smf_z0,pca_0p999,64,4,9.0,51.1875,64,9.203125,0.9991951096351777,64,0.17292344088887396,0.030250096255897016,0.6612575354434109,1.408760238092337,0.6875
smf_z0,pca_0p999,64,5,9.25,51.1875,64,9.203125,0.9991951096351777,64,0.21517048937667538,0.039216836115065365,0.6945378328096516,1.365381933806621,0.703125
smf_z0,pca_0p999,64,6,9.5,51.1875,64,9.203125,0.9991951096351777,64,0.2711163195083253,0.04845324767233189,0.7079976201056306,1.3727943463257395,0.6875
smf_z0,pca_0p999,64,7,9.75,51.1875,64,9.203125,0.9991951096351777,64,0.3563478707121202,0.0591090926255515,0.689334143897443,1.44749103949983,0.640625
smf_z0,pca_0p999,64,8,10.0,51.1875,64,9.203125,0.9991951096351777,64,0.46086857432970435,0.07253238169338687,0.6775641196073665,1.450118947738704,0.59375
smf_z0,pca_0p999,64,9,10.25,51.1875,64,9.203125,0.9991951096351777,64,0.5099181500390098,0.08234929517762027,0.7274326520457992,1.3387012525358004,0.578125
smf_z0,pca_0p999,64,10,10.5,51.1875,64,9.203125,0.9991951096351777,64,0.5760219489856293,0.084752515502481,0.7355574937565431,1.3404127679141382,0.65625
smf_z0,pca_0p999,64,11,10.75,51.1875,64,9.203125,0.9991951096351777,64,0.7234560853153953,0.0682546361259726,0.6725791094397784,1.426445114433514,0.484375
smf_z0,pca_0p999,64,12,11.0,51.1875,64,9.203125,0.9991951096351777,64,0.8061812094262703,0.05889956217183712,0.5843920160613865,1.5088469322092077,0.578125
smf_z0,pca_0p999,64,13,11.25,51.1875,64,9.203125,0.9991951096351777,64,0.8790437830705055,0.09262252648479587,0.4580918440301234,1.5433459030039873,0.59375
smf_z0,pca_0p999,128,0,8.0,102.390625,128,10.0,0.9993242843971452,128,0.1288875537877628,0.00036304800999172396,0.6678703656284588,1.1948774003867477,0.65625
smf_z0,pca_0p999,128,1,8.25,102.390625,128,10.0,0.9993242843971452,128,0.07255296336274036,-0.0003807246381885513,0.7255887745335116,1.2360535393551204,0.6015625
smf_z0,pca_0p999,128,2,8.5,102.390625,128,10.0,0.9993242843971452,128,0.062294721378016435,-0.001417881374289602,0.844881333786911,1.1055165460578833,0.6484375
smf_z0,pca_0p999,128,3,8.75,102.390625,128,10.0,0.9993242843971452,128,0.0785614307234346,-0.0013322859709702668,0.8622939638840494,1.1093230796136873,0.6953125
smf_z0,pca_0p999,128,4,9.0,102.390625,128,10.0,0.9993242843971452,128,0.10155454469503826,-7.463983543430815e-05,0.8716976806454727,1.1143200406806884,0.7265625
smf_z0,pca_0p999,128,5,9.25,102.390625,128,10.0,0.9993242843971452,128,0.12874578004159246,0.0016762077326650977,0.8778487789250919,1.1636158221295536,0.6875
smf_z0,pca_0p999,128,6,9.5,102.390625,128,10.0,0.9993242843971452,128,0.1694126941708339,0.005377345620791542,0.865342592831414,1.2833907028786384,0.71875
smf_z0,pca_0p999,128,7,9.75,102.390625,128,10.0,0.9993242843971452,128,0.24989036176270618,0.01393041632600617,0.8085143625674567,1.4694043117739926,0.65625
smf_z0,pca_0p999,128,8,10.0,102.390625,128,10.0,0.9993242843971452,128,0.3492554432535272,0.031154726511681902,0.7569181591971138,1.5911275996461158,0.578125
smf_z0,pca_0p999,128,9,10.25,102.390625,128,10.0,0.9993242843971452,128,0.4125312881449436,0.047476158397020414,0.7750511334105281,1.5117471498449706,0.5234375
smf_z0,pca_0p999,128,10,10.5,102.390625,128,10.0,0.9993242843971452,128,0.4755688890691249,0.05508343387665814,0.7932957742404572,1.464134179272051,0.578125
smf_z0,pca_0p999,128,11,10.75,102.390625,128,10.0,0.9993242843971452,128,0.5866597980465511,0.05574605839682857,0.7765211514191368,1.4092233910563479,0.5703125
smf_z0,pca_0p999,128,12,11.0,102.390625,128,10.0,0.9993242843971452,128,0.6708693994476781,0.04741110125928699,0.7386851727132893,1.4054978575431405,0.5625
smf_z0,pca_0p999,128,13,11.25,102.390625,128,10.0,0.9993242843971452,128,0.7700585161867307,0.012412124505928282,0.6349131721320129,1.4343582620134039,0.5546875
smf_z0,pca_0p999,256,0,8.0,204.796875,256,10.0,0.9993146829730215,256,0.11376135308393287,-0.00014937408960501424,0.7807765194056995,1.0537828507684557,0.7734375
smf_z0,pca_0p999,256,1,8.25,204.796875,256,10.0,0.9993146829730215,256,0.07221558598077353,-0.001811314134453913,0.7650731093695577,1.13712378192174,0.69921875
smf_z0,pca_0p999,256,2,8.5,204.796875,256,10.0,0.9993146829730215,256,0.051257024757390995,-0.0003529182198605983,0.8924469458544444,0.9445530938118712,0.71484375
smf_z0,pca_0p999,256,3,8.75,204.796875,256,10.0,0.9993146829730215,256,0.058840661149735136,0.0020030474056833706,0.9147923236015354,0.9556634870810751,0.76953125
smf_z0,pca_0p999,256,4,9.0,204.796875,256,10.0,0.9993146829730215,256,0.0813368729514794,0.003414722437579982,0.9032925497910471,1.0406665066546894,0.80859375
smf_z0,pca_0p999,256,5,9.25,204.796875,256,10.0,0.9993146829730215,256,0.10452497620168211,0.003270435371897016,0.9020835000424334,1.1116485070988464,0.78515625
smf_z0,pca_0p999,256,6,9.5,204.796875,256,10.0,0.9993146829730215,256,0.1378181830823322,0.003030104650193246,0.8937119930144433,1.2467513100145187,0.71875
smf_z0,pca_0p999,256,7,9.75,204.796875,256,10.0,0.9993146829730215,256,0.19554238039134936,0.003803233946006274,0.8615814332988361,1.370652840989941,0.65234375
smf_z0,pca_0p999,256,8,10.0,204.796875,256,10.0,0.9993146829730215,256,0.25906874663369694,0.005667002588642361,0.8423833762086081,1.4064646988893974,0.625
smf_z0,pca_0p999,256,9,10.25,204.796875,256,10.0,0.9993146829730215,256,0.3175133710234985,0.0044972677674054145,0.842111919910957,1.4299150061218568,0.5625
smf_z0,pca_0p999,256,10,10.5,204.796875,256,10.0,0.9993146829730215,256,0.4257583976677556,-0.0022372283992536986,0.8117825244486687,1.518370628005495,0.546875
smf_z0,pca_0p999,256,11,10.75,204.796875,256,10.0,0.9993146829730215,256,0.5757450083575572,-0.013560466010793162,0.765206718185724,1.5766679462324034,0.5078125
smf_z0,pca_0p999,256,12,11.0,204.796875,256,10.0,0.9993146829730215,256,0.6716637198200374,-0.014761251267631212,0.7364351111211338,1.5729159515542284,0.4765625
smf_z0,pca_0p999,256,13,11.25,204.796875,256,10.0,0.9993146829730215,256,0.6905499201059534,-0.020159104822389785,0.7091559059849591,1.4173614818361546,0.52734375
smf_z0,pca_0p999,512,0,8.0,409.59765625,512,10.0,0.9992368492309818,512,0.12761894295890613,-0.0009615469924776875,0.7626402863309607,1.1071893499253538,0.779296875
smf_z0,pca_0p999,512,1,8.25,409.59765625,512,10.0,0.9992368492309818,512,0.08141646831871506,-0.000999936282146167,0.7332831979129457,1.3064654969850078,0.755859375
smf_z0,pca_0p999,512,2,8.5,409.59765625,512,10.0,0.9992368492309818,512,0.05666890384517716,-0.00011719657289279437,0.8760859703634474,1.0415927746067235,0.77734375
smf_z0,pca_0p999,512,3,8.75,409.59765625,512,10.0,0.9992368492309818,512,0.058418074544930476,0.0009540856509786138,0.9180595459648689,0.9540531213920217,0.7578125
smf_z0,pca_0p999,512,4,9.0,409.59765625,512,10.0,0.9992368492309818,512,0.07559661976680135,0.0016152488806159275,0.9163944352576426,1.0353616855298302,0.7890625
smf_z0,pca_0p999,512,5,9.25,409.59765625,512,10.0,0.9992368492309818,512,0.09099841705918311,0.0016942222851812046,0.9257864803355339,1.0865112718351153,0.740234375
smf_z0,pca_0p999,512,6,9.5,409.59765625,512,10.0,0.9992368492309818,512,0.11609212548164062,0.0012702093761527574,0.9261141719232591,1.1678320326197387,0.716796875
smf_z0,pca_0p999,512,7,9.75,409.59765625,512,10.0,0.9992368492309818,512,0.15787166332903835,0.0015903785582117858,0.9118524742103707,1.2303825424231702,0.685546875
smf_z0,pca_0p999,512,8,10.0,409.59765625,512,10.0,0.9992368492309818,512,0.2122841241266685,0.003562284716427822,0.8956828513155204,1.3166853449706173,0.607421875
smf_z0,pca_0p999,512,9,10.25,409.59765625,512,10.0,0.9992368492309818,512,0.284708281454434,0.005539218314543241,0.8785614685006875,1.4181257002931145,0.603515625
smf_z0,pca_0p999,512,10,10.5,409.59765625,512,10.0,0.9992368492309818,512,0.38352998508637054,0.00599088124002767,0.8564738006390565,1.5071273011010173,0.615234375
smf_z0,pca_0p999,512,11,10.75,409.59765625,512,10.0,0.9992368492309818,512,0.4843834154112777,0.006890501546294879,0.8401159378972315,1.509648768646873,0.54296875
smf_z0,pca_0p999,512,12,11.0,409.59765625,512,10.0,0.9992368492309818,512,0.5555705311678776,0.008884405360815088,0.8248091856440531,1.4191646775635534,0.51953125
smf_z0,pca_0p999,512,13,11.25,409.59765625,512,10.0,0.9992368492309818,512,0.6127778562992497,-0.0038391160244141895,0.7811813564805311,1.2965338977119785,0.548828125
smf_z0,pca_0p999,1024,0,8.0,819.19921875,1024,10.0,0.999159807770017,1024,0.09279831659774013,0.0020120042545775096,0.8666289166676204,1.003807621233371,0.8056640625
smf_z0,pca_0p999,1024,1,8.25,819.19921875,1024,10.0,0.999159807770017,1024,0.0680068382390771,0.0012151252188103464,0.8103564878827917,1.2436942320743454,0.7724609375
smf_z0,pca_0p999,1024,2,8.5,819.19921875,1024,10.0,0.999159807770017,1024,0.04428427639448951,3.80761526171823e-05,0.9234956637127847,0.9692001659762859,0.7783203125
smf_z0,pca_0p999,1024,3,8.75,819.19921875,1024,10.0,0.999159807770017,1024,0.04759797868841637,-0.0004439179454373979,0.9462759442699686,0.9343984715662244,0.76953125
smf_z0,pca_0p999,1024,4,9.0,819.19921875,1024,10.0,0.999159807770017,1024,0.0626335672602155,-0.0007073995102726484,0.9448216025975396,1.0017429201125716,0.7958984375
smf_z0,pca_0p999,1024,5,9.25,819.19921875,1024,10.0,0.999159807770017,1024,0.07368832490873804,-0.0008251424374164306,0.9531654718430749,1.039232921008356,0.77734375
smf_z0,pca_0p999,1024,6,9.5,819.19921875,1024,10.0,0.999159807770017,1024,0.09163125887589452,-0.00015628388171791364,0.9543663502081909,1.1015378717279776,0.73046875
smf_z0,pca_0p999,1024,7,9.75,819.19921875,1024,10.0,0.999159807770017,1024,0.12585810839832945,0.001722855697775387,0.9437583499082068,1.1755104493679593,0.697265625
smf_z0,pca_0p999,1024,8,10.0,819.19921875,1024,10.0,0.999159807770017,1024,0.17221783491669476,0.0037312899622172256,0.9303633921145975,1.289611615497513,0.662109375
smf_z0,pca_0p999,1024,9,10.25,819.19921875,1024,10.0,0.999159807770017,1024,0.24037570786988835,0.0044892118608067634,0.9118397018483804,1.4401579152185093,0.6259765625
smf_z0,pca_0p999,1024,10,10.5,819.19921875,1024,10.0,0.999159807770017,1024,0.3266191832073711,0.004493876549801103,0.8954196911453612,1.5127506326074989,0.58984375
smf_z0,pca_0p999,1024,11,10.75,819.19921875,1024,10.0,0.999159807770017,1024,0.4049794625523614,0.009598005120469587,0.8877112827699994,1.4813905243438563,0.5712890625
smf_z0,pca_0p999,1024,12,11.0,819.19921875,1024,10.0,0.999159807770017,1024,0.4728906974839254,0.017600742809822576,0.8724421926610808,1.4399655687594493,0.5615234375
smf_z0,pca_0p999,1024,13,11.25,819.19921875,1024,10.0,0.999159807770017,1024,0.5229219976183711,0.0024002249669700763,0.8375161692180624,1.3274441353010349,0.580078125
smf_z0,bin_by_bin,64,all,,51.1875,896,,,896,0.5166284021663146,0.026431692735895764,0.8569744833497241,1.5983639727378716,0.5892857142857143
smf_z0,bin_by_bin,128,all,,102.390625,1792,,,1792,0.3806849864006199,0.0373229540896761,0.922137847215891,1.4349999586841469,0.61328125
smf_z0,bin_by_bin,256,all,,204.796875,3584,,,3584,0.3317664200146923,0.016556258571310465,0.9404199372229978,1.3642625901361314,0.63671875
smf_z0,bin_by_bin,512,all,,409.59765625,7168,,,7168,0.29300808493423225,0.021550764306231564,0.9542490360601835,1.301084729450901,0.6681082589285714
smf_z0,bin_by_bin,1024,all,,819.19921875,14336,,,14336,0.25073039025606003,0.019330398592439256,0.966355547260463,1.2727887072455355,0.67626953125
smf_z0,pca_0p9,64,all,,51.1875,896,3.0,0.9520664354659648,896,0.45773783731114,0.04856525129301808,0.8877230528718137,1.4878486445649046,0.6138392857142857
smf_z0,pca_0p9,128,all,,102.390625,1792,3.0,0.9441640364282231,1792,0.3906435370812557,0.019512929004068452,0.9180108855175685,1.5525587621232237,0.5591517857142857
smf_z0,pca_0p9,256,all,,204.796875,3584,3.0,0.9380208457322523,3584,0.36472102569932807,-0.0016755048963720681,0.9279958207072517,1.6414787528143353,0.5418526785714286
smf_z0,pca_0p9,512,all,,409.59765625,7168,3.0,0.933276718291011,7168,0.3284473865764064,0.0022826885563611843,0.9425126006745577,1.7772998666551416,0.5232979910714286
smf_z0,pca_0p9,1024,all,,819.19921875,14336,3.0,0.933681814583099,14336,0.2974743757684714,0.0032396339375560354,0.9526414236120908,1.9585263656624665,0.49483816964285715
smf_z0,pca_0p99,64,all,,51.1875,896,5.609375,0.9937154005251545,896,0.4699484925155878,0.048225069021733784,0.8816529354282984,1.4100698694139255,0.6261160714285714
smf_z0,pca_0p99,128,all,,102.390625,1792,6.0,0.9939506464895166,1792,0.3826054031176818,0.01913865420742788,0.9213502935076733,1.3431314502590639,0.62109375
smf_z0,pca_0p99,256,all,,204.796875,3584,6.0,0.9929807437696223,3584,0.34849830875897286,-0.001996607152888862,0.9342588263341414,1.309021407554926,0.6517857142857143
smf_z0,pca_0p99,512,all,,409.59765625,7168,6.0,0.9925253822060193,7168,0.30129087773183205,0.002288491614482773,0.9516258879650374,1.2829678886206182,0.6637834821428571
smf_z0,pca_0p99,1024,all,,819.19921875,14336,6.0,0.9919515649121582,14336,0.25444928137247064,0.003216859932344351,0.9653501010432505,1.2748822559836033,0.6766183035714286
smf_z0,pca_0p999,64,all,,51.1875,896,9.203125,0.9991951096351778,896,0.47023784998183665,0.04833766298479662,0.8815071528590974,1.4011241613786987,0.6194196428571429
smf_z0,pca_0p999,128,all,,102.390625,1792,10.0,0.9993242843971453,1792,0.38317432667316254,0.019101792058426863,0.9211162197697076,1.3306751868491504,0.6255580357142857
smf_z0,pca_0p999,256,all,,204.796875,3584,10.0,0.9993146829730214,3584,0.34925362282090894,-0.00195327448404141,0.9339735506726177,1.2889064709492377,0.6548549107142857
smf_z0,pca_0p999,512,all,,409.59765625,7168,10.0,0.9992368492309819,7168,0.30165459081825796,0.0022909742898084393,0.9515090247032733,1.2549401828261764,0.6742466517857143
smf_z0,pca_0p999,1024,all,,819.19921875,14336,10.0,0.999159807770017,14336,0.2544256210755701,0.003226333487073097,0.9653565446753656,1.227693920192391,0.6941266741071429
