observable_key,analysis,bin_index,x_display,y_display
smf_z0,massFunctionStellarTomczak2014ZFOURGEz0,0,8.0,-1.5329263503496577
smf_z0,massFunctionStellarTomczak2014ZFOURGEz0,1,8.25,-1.563363260932802
smf_z0,massFunctionStellarTomczak2014ZFOURGEz0,2,8.5,-1.5752878103293657
smf_z0,massFunctionStellarTomczak2014ZFOURGEz0,3,8.75,-1.6542600978062518
smf_z0,massFunctionStellarTomczak2014ZFOURGEz0,4,9.0,-1.7834768444164175
smf_z0,massFunctionStellarTomczak2014ZFOURGEz0,5,9.25,-1.9160080514649254
smf_z0,massFunctionStellarTomczak2014ZFOURGEz0,6,9.5,-2.0347459610913887
smf_z0,massFunctionStellarTomczak2014ZFOURGEz0,7,9.75,-2.1529534344760295
smf_z0,massFunctionStellarTomczak2014ZFOURGEz0,8,10.0,-2.278951125239488
smf_z0,massFunctionStellarTomczak2014ZFOURGEz0,9,10.25,-2.3886239040564723
smf_z0,massFunctionStellarTomczak2014ZFOURGEz0,10,10.5,-2.546006206389192
smf_z0,massFunctionStellarTomczak2014ZFOURGEz0,11,10.75,-2.788117398165018
smf_z0,massFunctionStellarTomczak2014ZFOURGEz0,12,11.0,-3.023729072783413
smf_z0,massFunctionStellarTomczak2014ZFOURGEz0,13,11.25,-3.384849427412896
smf_z3,massFunctionStellarTomczak2014ZFOURGEz3,0,8.75,-1.7159822828471638
smf_z3,massFunctionStellarTomczak2014ZFOURGEz3,1,9.0,-1.8535681751378599
smf_z3,massFunctionStellarTomczak2014ZFOURGEz3,2,9.25,-1.9697113722087383
smf_z3,massFunctionStellarTomczak2014ZFOURGEz3,3,9.5,-2.091594303925996
smf_z3,massFunctionStellarTomczak2014ZFOURGEz3,4,9.75,-2.209280892914275
smf_z3,massFunctionStellarTomczak2014ZFOURGEz3,5,10.0,-2.308470293096382
smf_z3,massFunctionStellarTomczak2014ZFOURGEz3,6,10.25,-2.4444405271543808
smf_z3,massFunctionStellarTomczak2014ZFOURGEz3,7,10.5,-2.648968908941348
smf_z3,massFunctionStellarTomczak2014ZFOURGEz3,8,10.75,-2.9369700082110275
smf_z3,massFunctionStellarTomczak2014ZFOURGEz3,9,11.0,-3.2020547806401
smf_z3,massFunctionStellarTomczak2014ZFOURGEz3,10,11.25,-3.7221231416833827
size_mass_vdw2014_star_forming_z0,stellarSizeMassRelationvanDerWel2014Sample1,0,9.25,0.6402571640018397
size_mass_vdw2014_star_forming_z0,stellarSizeMassRelationvanDerWel2014Sample1,1,9.75,0.6336056759590676
size_mass_vdw2014_star_forming_z0,stellarSizeMassRelationvanDerWel2014Sample1,2,10.25,0.5972087159531458
size_mass_vdw2014_star_forming_z0,stellarSizeMassRelationvanDerWel2014Sample1,3,10.75,0.6715791089536154
size_mass_vdw2014_quiescent_z0,stellarSizeMassRelationvanDerWel2014Sample7,0,9.25,0.17983473847599507
size_mass_vdw2014_quiescent_z0,stellarSizeMassRelationvanDerWel2014Sample7,1,9.75,0.2855684015450599
size_mass_vdw2014_quiescent_z0,stellarSizeMassRelationvanDerWel2014Sample7,2,10.25,0.4972455912491447
size_mass_vdw2014_quiescent_z0,stellarSizeMassRelationvanDerWel2014Sample7,3,10.75,0.8009990779674117
size_mass_vdw2014_quiescent_z0,stellarSizeMassRelationvanDerWel2014Sample7,4,11.25,0.8685929786189823
sfr_function_robotham2011,starFormationRateFunctionRobotham2011,0,7.176091259055681,-1.3234314994179228
sfr_function_robotham2011,starFormationRateFunctionRobotham2011,1,7.301029995663981,-1.3161605976294828
sfr_function_robotham2011,starFormationRateFunctionRobotham2011,2,7.414973347970818,-1.3020126573245525
sfr_function_robotham2011,starFormationRateFunctionRobotham2011,3,7.544068044350276,-1.2916565056874787
sfr_function_robotham2011,starFormationRateFunctionRobotham2011,4,7.672097857935717,-1.3082201262325082
sfr_function_robotham2011,starFormationRateFunctionRobotham2011,5,7.799340549453582,-1.3551809200338225
sfr_function_robotham2011,starFormationRateFunctionRobotham2011,6,7.924279286061882,-1.4166139970146256
sfr_function_robotham2011,starFormationRateFunctionRobotham2011,7,8.049218022670182,-1.4787777936546118
sfr_function_robotham2011,starFormationRateFunctionRobotham2011,8,8.173186268412275,-1.5335351596557205
sfr_function_robotham2011,starFormationRateFunctionRobotham2011,9,8.298853076409706,-1.579535852757674
sfr_function_robotham2011,starFormationRateFunctionRobotham2011,10,8.426511261364576,-1.6219919712078374
sfr_function_robotham2011,starFormationRateFunctionRobotham2011,11,8.551449997972876,-1.664975149793284
sfr_function_robotham2011,starFormationRateFunctionRobotham2011,12,8.677606952720494,-1.7101155427824923
sfr_function_robotham2011,starFormationRateFunctionRobotham2011,13,8.803457115648413,-1.7677400553572125
sfr_function_robotham2011,starFormationRateFunctionRobotham2011,14,8.929418925714293,-1.8536594535003315
sfr_function_robotham2011,starFormationRateFunctionRobotham2011,15,9.046495164334708,-1.9875444295409541
sfr_function_robotham2011,starFormationRateFunctionRobotham2011,16,9.181271771559462,-2.1831770371603905
sfr_function_robotham2011,starFormationRateFunctionRobotham2011,17,9.307067950661299,-2.4181127798911937
sfr_function_robotham2011,starFormationRateFunctionRobotham2011,18,9.433129517580486,-2.648128362827821
sfr_function_robotham2011,starFormationRateFunctionRobotham2011,19,9.55894844597804,-2.8320723751850525
sfr_function_robotham2011,starFormationRateFunctionRobotham2011,20,9.684755622108623,-2.968594266078386
sfr_function_robotham2011,starFormationRateFunctionRobotham2011,21,9.810635700275537,-3.120566586359991
sfr_function_robotham2011,starFormationRateFunctionRobotham2011,22,9.936513742478894,-3.3081776430189813
sfr_function_robotham2011,starFormationRateFunctionRobotham2011,23,10.062356318085438,-3.516612307993519
sfr_function_robotham2011,starFormationRateFunctionRobotham2011,24,10.314099063295284,-3.6898492082559495
bh_velocity_dispersion,blackHoleVelocityDispersionRelation,0,2.021434147130726,6.353197153152871
bh_velocity_dispersion,blackHoleVelocityDispersionRelation,1,2.139787317713826,6.798297238070054
bh_velocity_dispersion,blackHoleVelocityDispersionRelation,2,2.2278702460279742,7.2076233496647735
bh_velocity_dispersion,blackHoleVelocityDispersionRelation,3,2.3540709563143647,7.619000927581105
bh_velocity_dispersion,blackHoleVelocityDispersionRelation,4,2.4834370901805296,7.84869254589655
mzr_blanc2019,massMetallicityBlanc2019,0,8.7,8.189106190294263
mzr_blanc2019,massMetallicityBlanc2019,1,8.75,8.210620831978584
mzr_blanc2019,massMetallicityBlanc2019,2,8.8,8.230801408889521
mzr_blanc2019,massMetallicityBlanc2019,3,8.85,8.249675658099733
mzr_blanc2019,massMetallicityBlanc2019,4,8.9,8.26912869638304
mzr_blanc2019,massMetallicityBlanc2019,5,8.95,8.289991987709687
mzr_blanc2019,massMetallicityBlanc2019,6,9.0,8.311221278823009
mzr_blanc2019,massMetallicityBlanc2019,7,9.05,8.331275846287747
mzr_blanc2019,massMetallicityBlanc2019,8,9.1,8.349301774719532
mzr_blanc2019,massMetallicityBlanc2019,9,9.15,8.365982552434687
mzr_blanc2019,massMetallicityBlanc2019,10,9.2,8.382622928886784
mzr_blanc2019,massMetallicityBlanc2019,11,9.25,8.39962374911256
mzr_blanc2019,massMetallicityBlanc2019,12,9.3,8.417363203511508
mzr_blanc2019,massMetallicityBlanc2019,13,9.35,8.436323096314682
mzr_blanc2019,massMetallicityBlanc2019,14,9.4,8.455375620528567
mzr_blanc2019,massMetallicityBlanc2019,15,9.45,8.472914959092535
mzr_blanc2019,massMetallicityBlanc2019,16,9.5,8.488952476694093
mzr_blanc2019,massMetallicityBlanc2019,17,9.55,8.50465273022952
mzr_blanc2019,massMetallicityBlanc2019,18,9.6,8.521045876482237
mzr_blanc2019,massMetallicityBlanc2019,19,9.65,8.537655622325222
mzr_blanc2019,massMetallicityBlanc2019,20,9.7,8.552495560275059
mzr_blanc2019,massMetallicityBlanc2019,21,9.75,8.56499421088916
mzr_blanc2019,massMetallicityBlanc2019,22,9.8,8.576985589566522
mzr_blanc2019,massMetallicityBlanc2019,23,9.85,8.589513277958698
mzr_blanc2019,massMetallicityBlanc2019,24,9.9,8.602240108536716
mzr_blanc2019,massMetallicityBlanc2019,25,9.95,8.616130475672998
mzr_blanc2019,massMetallicityBlanc2019,26,10.0,8.631579213786514
mzr_blanc2019,massMetallicityBlanc2019,27,10.05,8.64647312791597
mzr_blanc2019,massMetallicityBlanc2019,28,10.1,8.660290409041957
mzr_blanc2019,massMetallicityBlanc2019,29,10.15,8.674360689027107
mzr_blanc2019,massMetallicityBlanc2019,30,10.2,8.687879387049406
mzr_blanc2019,massMetallicityBlanc2019,31,10.25,8.699334445463412
mzr_blanc2019,massMetallicityBlanc2019,32,10.3,8.708631162885847
mzr_blanc2019,massMetallicityBlanc2019,33,10.35,8.717298509697793
mzr_blanc2019,massMetallicityBlanc2019,34,10.4,8.72716347678006
mzr_blanc2019,massMetallicityBlanc2019,35,10.45,8.737535408149432
mzr_blanc2019,massMetallicityBlanc2019,36,10.5,8.746404017519808
mzr_blanc2019,massMetallicityBlanc2019,37,10.55,8.753244221751938
mzr_blanc2019,massMetallicityBlanc2019,38,10.6,8.758509854002568
mzr_blanc2019,massMetallicityBlanc2019,39,10.65,8.763129204993819
mzr_blanc2019,massMetallicityBlanc2019,40,10.7,8.767910894591338
mzr_blanc2019,massMetallicityBlanc2019,41,10.75,8.773315028582669
mzr_blanc2019,massMetallicityBlanc2019,42,10.8,8.781158354996025
mzr_blanc2019,massMetallicityBlanc2019,43,10.85,8.79334399973241
mzr_blanc2019,massMetallicityBlanc2019,44,10.9,8.807485747314713
mzr_blanc2019,massMetallicityBlanc2019,45,10.95,8.818416172559713
mzr_blanc2019,massMetallicityBlanc2019,46,11.0,8.824312679835131
mzr_blanc2019,massMetallicityBlanc2019,47,11.05,8.830582827374414
mzr_blanc2019,massMetallicityBlanc2019,48,11.1,8.845217087042698
