observable_key,observable,sample_label,target_error_mode,bin_index,x_plot,target_log10_phi,target_log10_phi_std,prediction_log10_phi,prediction_log10_phi_std
halpha_sobral_z1,halpha_sobral,z1,sobral_log_table,0,40.1,-1.6600000000000001,0.039999999999999945,-1.7557367582568308,0.0987464128229546
halpha_sobral_z1,halpha_sobral,z1,sobral_log_table,1,40.2,-1.7,0.04000000000000003,-1.7632409102962767,0.08845709868230352
halpha_sobral_z1,halpha_sobral,z1,sobral_log_table,2,40.3,-1.81,0.04000000000000003,-1.794787079509812,0.08139648605810107
halpha_sobral_z1,halpha_sobral,z1,sobral_log_table,3,40.4,-1.9300000000000002,0.05000000000000005,-1.8475411277937108,0.08035246276439648
halpha_sobral_z1,halpha_sobral,z1,sobral_log_table,4,40.5,-1.96,0.07000000000000008,-1.9070274313984545,0.08248818170410911
halpha_sobral_z1,halpha_sobral,z1,sobral_log_table,5,40.6,-2.03,0.06999999999999999,-1.9558637539569763,0.09046200440226249
halpha_sobral_z1,halpha_sobral,z1,sobral_log_table,6,40.7,-2.12,0.08999999999999987,-1.9922719520093055,0.10101055701265153
halpha_sobral_z1,halpha_sobral,z1,sobral_log_table,7,40.8,-2.27,0.0800000000000001,-2.0186006842948485,0.10654779450394322
halpha_sobral_z1,halpha_sobral,z1,sobral_log_table,8,40.9,-2.29,0.08999999999999987,-2.049930857346692,0.11301645174563904
halpha_sobral_z1,halpha_sobral,z1,sobral_log_table,9,41.0,-2.42,0.1000000000000001,-2.0968821887070552,0.12385914725743634
halpha_sobral_z1,halpha_sobral,z1,sobral_log_table,10,41.1,-2.46,0.10999999999999988,-2.1683476919294455,0.1400087794488581
halpha_sobral_z1,halpha_sobral,z1,sobral_log_table,11,41.2,-2.57,0.1299999999999999,-2.2662074645468193,0.1593911170423219
halpha_sobral_z1,halpha_sobral,z1,sobral_log_table,12,41.3,-2.69,0.18999999999999997,-2.40138042007245,0.18691867687963154
halpha_sobral_z1,halpha_sobral,z1,sobral_log_table,13,41.4,-2.73,0.16999999999999987,-2.5824951500724285,0.22123040072087466
halpha_sobral_z1,halpha_sobral,z1,sobral_log_table,14,41.5,-2.88,0.2000000000000001,-2.7791270648549005,0.2700338468190917
halpha_sobral_z1,halpha_sobral,z1,sobral_log_table,15,41.6,-3.03,0.35000000000000003,-3.0337048342593973,0.33993013683282
halpha_sobral_z1,halpha_sobral,z1,sobral_log_table,16,41.8,-3.56,0.5100000000000002,-3.3947394548693812,0.4682742418171044
halpha_sobral_z1,halpha_sobral,z1,sobral_log_table,17,42.1,-3.71,0.71,-3.812718077946208,0.7930769842959362
halpha_sobral_z2,halpha_sobral,z2,sobral_log_table,0,41.3,-1.9300000000000002,0.03,-2.1096175596737483,0.18406855931438826
halpha_sobral_z2,halpha_sobral,z2,sobral_log_table,1,41.45,-2.02,0.03000000000000009,-2.273146063684468,0.20836962496582764
halpha_sobral_z2,halpha_sobral,z2,sobral_log_table,2,41.6,-2.18,0.04000000000000003,-2.4348243870026147,0.23890387320183193
halpha_sobral_z2,halpha_sobral,z2,sobral_log_table,3,41.75,-2.43,0.06000000000000011,-2.5811491905070403,0.2711211658139447
halpha_sobral_z2,halpha_sobral,z2,sobral_log_table,4,41.9,-2.73,0.16999999999999987,-2.7325273479048304,0.3190214737338348
halpha_sobral_z2,halpha_sobral,z2,sobral_log_table,5,42.05,-3.01,0.16999999999999993,-2.9570157053136716,0.3902587365380713
halpha_sobral_z2,halpha_sobral,z2,sobral_log_table,6,42.2,-3.27,0.20999999999999994,-3.3081614606009335,0.4525186124121251
halpha_sobral_z2,halpha_sobral,z2,sobral_log_table,7,42.35,-3.79,0.5499999999999998,-3.5838150933737345,0.4968023002049234
halpha_sobral_z2,halpha_sobral,z2,sobral_log_table,8,42.5,-4.13,1.5099999999999998,-4.0078259818490425,0.5350950241914544
halpha_sobral_z3,halpha_sobral,z3,sobral_log_table,0,41.7,-2.13,0.1000000000000001,-2.271599223685908,0.263444230386697
halpha_sobral_z3,halpha_sobral,z3,sobral_log_table,1,41.8,-2.25,0.08999999999999987,-2.3761794686108884,0.2920951842540723
halpha_sobral_z3,halpha_sobral,z3,sobral_log_table,2,41.9,-2.34,0.060000000000000026,-2.474451561155081,0.31550996453420116
halpha_sobral_z3,halpha_sobral,z3,sobral_log_table,3,42.0,-2.4699999999999998,0.04999999999999988,-2.5760877369921786,0.34641903848705763
halpha_sobral_z3,halpha_sobral,z3,sobral_log_table,4,42.1,-2.62,0.049999999999999795,-2.7979947403805534,0.3672075462408962
halpha_sobral_z3,halpha_sobral,z3,sobral_log_table,5,42.2,-2.73,0.04000000000000003,-3.0999937640708763,0.3874926156050516
halpha_sobral_z3,halpha_sobral,z3,sobral_log_table,6,42.3,-2.91,0.0800000000000001,-3.3730605441522306,0.4000017367143636
halpha_sobral_z3,halpha_sobral,z3,sobral_log_table,7,42.4,-3.18,0.10999999999999996,-3.5321877374830812,0.4058157097760521
halpha_sobral_z3,halpha_sobral,z3,sobral_log_table,8,42.5,-3.55,0.18000000000000013,-3.5734447477938134,0.416451888174163
halpha_sobral_z3,halpha_sobral,z3,sobral_log_table,9,42.6,-3.81,0.2600000000000003,-3.6177393056446143,0.41128408518027654
halpha_sobral_z3,halpha_sobral,z3,sobral_log_table,10,42.7,-4.22,0.3799999999999999,-3.6441004927644327,0.40543975647505825
halpha_sobral_z3,halpha_sobral,z3,sobral_log_table,11,42.8,-4.55,0.5499999999999999,-3.662424232950557,0.3945403985558527
halpha_sobral_z3,halpha_sobral,z3,sobral_log_table,12,43.0,-4.86,0.5499999999999998,-3.8356203915405342,0.37666326485733265
halpha_sobral_z4,halpha_sobral,z4,sobral_log_table,0,41.6,-1.9300000000000002,0.18999999999999997,-2.0153788930809644,0.24118811957066225
halpha_sobral_z4,halpha_sobral,z4,sobral_log_table,1,41.75,-2.07,0.15999999999999998,-2.157800508212804,0.26604345936818985
halpha_sobral_z4,halpha_sobral,z4,sobral_log_table,2,41.9,-2.19,0.06999999999999983,-2.2168910311539007,0.29761390996413967
halpha_sobral_z4,halpha_sobral,z4,sobral_log_table,3,42.0,-2.31,0.04999999999999988,-2.2560470164895525,0.3286436735295306
halpha_sobral_z4,halpha_sobral,z4,sobral_log_table,4,42.1,-2.41,0.049999999999999795,-2.3127692647288005,0.35919520219248813
halpha_sobral_z4,halpha_sobral,z4,sobral_log_table,5,42.2,-2.5,0.04000000000000003,-2.448232260495958,0.37924551565934284
halpha_sobral_z4,halpha_sobral,z4,sobral_log_table,6,42.3,-2.59,0.049999999999999795,-2.6770608960973616,0.39441709942772657
halpha_sobral_z4,halpha_sobral,z4,sobral_log_table,7,42.4,-2.73,0.06000000000000011,-3.0008965642014522,0.4086234916016558
halpha_sobral_z4,halpha_sobral,z4,sobral_log_table,8,42.5,-2.88,0.14000000000000012,-3.306870028546721,0.4140618538831944
halpha_sobral_z4,halpha_sobral,z4,sobral_log_table,9,42.6,-3.09,0.16999999999999987,-3.457565263278084,0.41279053796615756
halpha_sobral_z4,halpha_sobral,z4,sobral_log_table,10,42.7,-3.33,0.2200000000000001,-3.5184483289472204,0.4022843029174283
halpha_sobral_z4,halpha_sobral,z4,sobral_log_table,11,42.8,-3.67,0.31000000000000005,-3.5296729061474785,0.39438064804908385
halpha_sobral_z4,halpha_sobral,z4,sobral_log_table,12,42.9,-4.01,0.5099999999999998,-3.551917166534102,0.38106530811354355
halpha_sobral_z4,halpha_sobral,z4,sobral_log_table,13,43.0,-4.22,0.6800000000000002,-3.568124721375088,0.3714266440192176
halpha_sobral_z4,halpha_sobral,z4,sobral_log_table,14,43.2,-4.63,0.4100000000000001,-3.798702394485118,0.36488954402631557
