observable_key,analysis,bin_index_after_mask,x_plot,target_plot,target_sigma_plot,prediction_plot,prediction_sigma_plot
smf_z0,massFunctionStellarTomczak2014ZFOURGEz0,0,8.0,-1.37,0.03388554953347397,-1.5906517834626983,0.09541514044073744
smf_z0,massFunctionStellarTomczak2014ZFOURGEz0,1,8.25,-1.53,0.02764091299016487,-1.6219843381048267,0.05014678027562165
smf_z0,massFunctionStellarTomczak2014ZFOURGEz0,2,8.5,-1.71,0.03257053716126054,-1.6855718381336247,0.04059614215928371
smf_z0,massFunctionStellarTomczak2014ZFOURGEz0,3,8.75,-1.8599999999999999,0.03875116762355399,-1.7515234086152245,0.04719071496202971
smf_z0,massFunctionStellarTomczak2014ZFOURGEz0,4,9.0,-2.03,0.07310630328559199,-1.828062452464903,0.058289492638034214
smf_z0,massFunctionStellarTomczak2014ZFOURGEz0,5,9.25,-2.01,0.11430786925422912,-1.9194411382900194,0.06521629608563646
smf_z0,massFunctionStellarTomczak2014ZFOURGEz0,6,9.5,-2.1,0.13425025335825852,-2.0338651715931593,0.07815474798995668
smf_z0,massFunctionStellarTomczak2014ZFOURGEz0,7,9.75,-2.17,0.12870137534632478,-2.149765152313082,0.10367626002280649
smf_z0,massFunctionStellarTomczak2014ZFOURGEz0,8,10.0,-2.24,0.1151563350336599,-2.2288397594416915,0.12982491464314377
smf_z0,massFunctionStellarTomczak2014ZFOURGEz0,9,10.25,-2.31,0.09505799913247222,-2.2729968455316345,0.16205765585109613
smf_z0,massFunctionStellarTomczak2014ZFOURGEz0,10,10.5,-2.41,0.08563784812230946,-2.3032588423789964,0.21455840842363513
smf_z0,massFunctionStellarTomczak2014ZFOURGEz0,11,10.75,-2.5300000000000002,0.08801978149982136,-2.4195588386835953,0.2687557024193882
smf_z0,massFunctionStellarTomczak2014ZFOURGEz0,12,11.0,-2.91,0.08999910563249144,-2.7933221444896117,0.32467112609702536
smf_z0,massFunctionStellarTomczak2014ZFOURGEz0,13,11.25,-3.46,0.09992050649589666,-3.5691442367506716,0.4081184297654716
smf_z3,massFunctionStellarTomczak2014ZFOURGEz3,0,8.75,-1.9899999999999998,0.035241959302866804,-1.7995064420588118,0.0727376466163937
smf_z3,massFunctionStellarTomczak2014ZFOURGEz3,1,9.0,-2.14,0.038005862162430896,-1.8951084997232148,0.08313563512350984
smf_z3,massFunctionStellarTomczak2014ZFOURGEz3,2,9.25,-2.24,0.039487599867068804,-1.9967331662812011,0.09048286073891039
smf_z3,massFunctionStellarTomczak2014ZFOURGEz3,3,9.5,-2.29,0.048985169877665526,-2.0836394892596966,0.1022002633285192
smf_z3,massFunctionStellarTomczak2014ZFOURGEz3,4,9.75,-2.48,0.0510303444782522,-2.1667104523624623,0.12641108090923675
smf_z3,massFunctionStellarTomczak2014ZFOURGEz3,5,10.0,-2.59,0.04758057141795755,-2.2367626558024494,0.1616097837487937
smf_z3,massFunctionStellarTomczak2014ZFOURGEz3,6,10.25,-2.73,0.05422430948896547,-2.3006110682719347,0.21255543044692463
smf_z3,massFunctionStellarTomczak2014ZFOURGEz3,7,10.5,-2.64,0.03767295898922773,-2.408761127522652,0.2516971814228019
smf_z3,massFunctionStellarTomczak2014ZFOURGEz3,8,10.75,-2.7199999999999998,0.04292670823333299,-2.6356654303360885,0.2794428526256408
smf_z3,massFunctionStellarTomczak2014ZFOURGEz3,9,11.0,-3.01,0.05139680935005372,-3.1779807556898794,0.30078783146091914
smf_z3,massFunctionStellarTomczak2014ZFOURGEz3,10,11.25,-3.62,0.06979838494741979,-4.1128893206444035,0.3037303778267768
sfr_function_robotham2011,starFormationRateFunctionRobotham2011,0,7.176091259055681,-1.2548312112854956,0.130493336169754,-1.3844332587295352,0.09048856002754305
sfr_function_robotham2011,starFormationRateFunctionRobotham2011,1,7.301029995663981,-1.6000789981649997,0.11941405989069884,-1.3687225494125534,0.08365871446866303
sfr_function_robotham2011,starFormationRateFunctionRobotham2011,2,7.414973347970818,-1.3525196308193832,0.0551227713848271,-1.3573101589318886,0.07670764789216246
sfr_function_robotham2011,starFormationRateFunctionRobotham2011,3,7.544068044350276,-1.3065392744797073,0.03816103744721452,-1.3513379113161161,0.0729348488561988
sfr_function_robotham2011,starFormationRateFunctionRobotham2011,4,7.672097857935717,-1.3143671899501175,0.03204927461666128,-1.3566636702053363,0.07220204964900123
sfr_function_robotham2011,starFormationRateFunctionRobotham2011,5,7.799340549453582,-1.3502289006582016,0.027102806906128974,-1.3779462188794795,0.07299823231585965
sfr_function_robotham2011,starFormationRateFunctionRobotham2011,6,7.924279286061882,-1.4306079042053748,0.03231670600148942,-1.4135393308534774,0.07497955017827171
sfr_function_robotham2011,starFormationRateFunctionRobotham2011,7,8.049218022670182,-1.3628186867612504,0.019898918921290486,-1.4567430311978327,0.07698037842125538
sfr_function_robotham2011,starFormationRateFunctionRobotham2011,8,8.173186268412275,-1.4646271911470679,0.018189123881309423,-1.500725066575354,0.08002582700157881
sfr_function_robotham2011,starFormationRateFunctionRobotham2011,9,8.298853076409706,-1.5094819941361866,0.01564326332076906,-1.5440150601597216,0.08535990454911116
sfr_function_robotham2011,starFormationRateFunctionRobotham2011,10,8.426511261364576,-1.5542100316265455,0.014438267299703886,-1.5901987918637237,0.09155027068909619
sfr_function_robotham2011,starFormationRateFunctionRobotham2011,11,8.551449997972876,-1.6191670187810951,0.012981402409830861,-1.644498478225903,0.098344007428796
sfr_function_robotham2011,starFormationRateFunctionRobotham2011,12,8.677606952720494,-1.7167745098035025,0.012241718033736854,-1.710757453074164,0.10770906124064374
sfr_function_robotham2011,starFormationRateFunctionRobotham2011,13,8.803457115648413,-1.7776859816020187,0.011148050460116592,-1.7910684898401192,0.12183556319100104
sfr_function_robotham2011,starFormationRateFunctionRobotham2011,14,8.929418925714293,-1.8865052073171946,0.010780359479867954,-1.8866927783608687,0.14161670155944361
sfr_function_robotham2011,starFormationRateFunctionRobotham2011,15,9.046495164334708,-1.9838967532295593,0.010792319053286932,-2.0023851347526596,0.16772560457821875
sfr_function_robotham2011,starFormationRateFunctionRobotham2011,16,9.181271771559462,-2.1454430580455623,0.012160804610744418,-2.1480490235343197,0.20191791040101345
sfr_function_robotham2011,starFormationRateFunctionRobotham2011,17,9.307067950661299,-2.3118583555290706,0.014353453131835519,-2.326654262498381,0.24176570892607838
sfr_function_robotham2011,starFormationRateFunctionRobotham2011,18,9.433129517580486,-2.5461173537048523,0.01828608344855797,-2.527647121207262,0.28544320197785794
sfr_function_robotham2011,starFormationRateFunctionRobotham2011,19,9.55894844597804,-2.7685525915695606,0.024649146270184562,-2.754139865946888,0.33137131315930274
sfr_function_robotham2011,starFormationRateFunctionRobotham2011,20,9.684755622108623,-3.124566711232598,0.03730136654383758,-2.972473269095528,0.37069401295914967
sfr_function_robotham2011,starFormationRateFunctionRobotham2011,21,9.810635700275537,-3.470466976552361,0.05022453192078422,-3.157283774971067,0.41549662217318467
sfr_function_robotham2011,starFormationRateFunctionRobotham2011,22,9.936513742478894,-3.947588231272023,0.12408413768664336,-3.28357048001631,0.46861846018419967
sfr_function_robotham2011,starFormationRateFunctionRobotham2011,23,10.062356318085438,-5.035724319972574,0.43429448190325176,-3.414855336560405,0.5485816867750595
sfr_function_robotham2011,starFormationRateFunctionRobotham2011,24,10.314099063295284,-4.792686271286279,0.43429448190325176,-3.748503486047538,0.6368687828777765
size_mass_vdw2014_star_forming_z0,stellarSizeMassRelationvanDerWel2014Sample1,0,9.25,0.4900000000000002,0.009999999999999997,0.6522704458396733,0.056101756190674625
size_mass_vdw2014_star_forming_z0,stellarSizeMassRelationvanDerWel2014Sample1,1,9.75,0.6099999999999999,0.009999999999999998,0.6765353327937698,0.045371106436842897
size_mass_vdw2014_star_forming_z0,stellarSizeMassRelationvanDerWel2014Sample1,2,10.25,0.6600000000000001,0.009999999999999998,0.6673945012589981,0.04246287675448246
size_mass_vdw2014_star_forming_z0,stellarSizeMassRelationvanDerWel2014Sample1,3,10.75,0.8300000000000001,0.01,0.7611569069842656,0.05274622077597035
size_mass_vdw2014_quiescent_z0,stellarSizeMassRelationvanDerWel2014Sample7,0,9.25,0.27,0.009999999999999997,0.37584497572644837,0.06875938650766779
size_mass_vdw2014_quiescent_z0,stellarSizeMassRelationvanDerWel2014Sample7,1,9.75,0.28000000000000025,0.009999999999999998,0.411738264050594,0.05791026422810325
size_mass_vdw2014_quiescent_z0,stellarSizeMassRelationvanDerWel2014Sample7,2,10.25,0.3799999999999999,0.009999999999999998,0.4858978105815024,0.05311600939202795
size_mass_vdw2014_quiescent_z0,stellarSizeMassRelationvanDerWel2014Sample7,3,10.75,0.6699999999999999,0.009999999999999998,0.7041278808362854,0.06356420789709663
size_mass_vdw2014_quiescent_z0,stellarSizeMassRelationvanDerWel2014Sample7,4,11.25,0.7599999999999998,0.009999999999999998,0.7743857137345227,0.0843947624638609
bh_velocity_dispersion,blackHoleVelocityDispersionRelation,0,2.021434147130726,6.793085495111557,0.28169745688136205,6.854129708592397,0.3462290210059561
bh_velocity_dispersion,blackHoleVelocityDispersionRelation,1,2.139787317713826,7.466804624532433,0.44538517586928933,7.243158876428629,0.24634358885500196
bh_velocity_dispersion,blackHoleVelocityDispersionRelation,2,2.2278702460279742,7.81404384999729,0.6240105971179565,7.555983429098206,0.2099597840400657
bh_velocity_dispersion,blackHoleVelocityDispersionRelation,3,2.3540709563143647,8.542221571070497,0.4088441595048958,7.904088167246116,0.19483664471422743
bh_velocity_dispersion,blackHoleVelocityDispersionRelation,4,2.4834370901805296,9.386854549173783,0.4134140396371941,8.181981450332469,0.2647198179441202
mzr_blanc2019,massMetallicityBlanc2019,0,8.7,8.37,0.0050000000000000044,8.244982067606552,0.10419358042686232
mzr_blanc2019,massMetallicityBlanc2019,1,8.75,8.37,0.0050000000000000044,8.25979260673648,0.10190074810004919
mzr_blanc2019,massMetallicityBlanc2019,2,8.8,8.37,0.0050000000000000044,8.274641462456524,0.09942973041720736
mzr_blanc2019,massMetallicityBlanc2019,3,8.85,8.38,0.0050000000000000044,8.28955048866113,0.0968247140444152
mzr_blanc2019,massMetallicityBlanc2019,4,8.9,8.37,0.0,8.304481891404377,0.09409455847141743
mzr_blanc2019,massMetallicityBlanc2019,5,8.95,8.4,0.0050000000000000044,8.319417255994226,0.09124308630030037
mzr_blanc2019,massMetallicityBlanc2019,6,9.0,8.4,0.0050000000000000044,8.33434665987351,0.08828414441320416
mzr_blanc2019,massMetallicityBlanc2019,7,9.05,8.4,0.0,8.34929502558258,0.08524899829801834
mzr_blanc2019,massMetallicityBlanc2019,8,9.1,8.41,0.0050000000000000044,8.364419649042306,0.08218503668030036
mzr_blanc2019,massMetallicityBlanc2019,9,9.15,8.41,0.0050000000000000044,8.379934564646433,0.07912169237934905
mzr_blanc2019,massMetallicityBlanc2019,10,9.2,8.42,0.0,8.39583637632209,0.07608886754916436
mzr_blanc2019,massMetallicityBlanc2019,11,9.25,8.42,0.0,8.411962650839264,0.073158679183675
mzr_blanc2019,massMetallicityBlanc2019,12,9.3,8.45,0.0049999999999999975,8.428330480670926,0.07040272385087286
mzr_blanc2019,massMetallicityBlanc2019,13,9.35,8.45,0.0,8.445186442557164,0.06786934240371004
mzr_blanc2019,massMetallicityBlanc2019,14,9.4,8.46,0.0050000000000000044,8.46270590297895,0.06559170030830683
mzr_blanc2019,massMetallicityBlanc2019,15,9.45,8.47,0.0050000000000000044,8.480975780537078,0.06362116534875065
mzr_blanc2019,massMetallicityBlanc2019,16,9.5,8.48,0.0049999999999999975,8.499568018536747,0.061895006815198175
mzr_blanc2019,massMetallicityBlanc2019,17,9.55,8.48,0.0049999999999999975,8.518065091746728,0.060292218641793044
mzr_blanc2019,massMetallicityBlanc2019,18,9.6,8.51,0.0049999999999999975,8.536312593541428,0.05883083617081508
mzr_blanc2019,massMetallicityBlanc2019,19,9.65,8.53,0.010000000000000009,8.55440621307459,0.05747562332245278
mzr_blanc2019,massMetallicityBlanc2019,20,9.7,8.53,0.0,8.572346064827602,0.05610267233126264
mzr_blanc2019,massMetallicityBlanc2019,21,9.75,8.56,0.0050000000000000044,8.590321360276793,0.054778288835664095
mzr_blanc2019,massMetallicityBlanc2019,22,9.8,8.58,0.0,8.608458432112748,0.05368449488436858
mzr_blanc2019,massMetallicityBlanc2019,23,9.85,8.62,0.0,8.626521120964545,0.05289732062692328
mzr_blanc2019,massMetallicityBlanc2019,24,9.9,8.65,0.0049999999999999906,8.644229371495097,0.052402029405781037
mzr_blanc2019,massMetallicityBlanc2019,25,9.95,8.69,0.0049999999999999906,8.661548122809094,0.052196550959428246
mzr_blanc2019,massMetallicityBlanc2019,26,10.0,8.71,0.010000000000000009,8.678266421197927,0.05221642549849456
mzr_blanc2019,massMetallicityBlanc2019,27,10.05,8.74,0.010000000000000009,8.694439773700505,0.052487218903938086
mzr_blanc2019,massMetallicityBlanc2019,28,10.1,8.74,0.010000000000000009,8.710457346576119,0.05363386778910346
mzr_blanc2019,massMetallicityBlanc2019,29,10.15,8.78,0.0049999999999999975,8.726001993283955,0.05496969850632666
mzr_blanc2019,massMetallicityBlanc2019,30,10.2,8.78,0.0049999999999999975,8.740585716847805,0.055746816067361815
mzr_blanc2019,massMetallicityBlanc2019,31,10.25,8.8,0.0050000000000000044,8.754475298327577,0.05604757888702791
mzr_blanc2019,massMetallicityBlanc2019,32,10.3,8.8,0.0050000000000000044,8.767171613323649,0.05635404334222393
mzr_blanc2019,massMetallicityBlanc2019,33,10.35,8.8,0.0050000000000000044,8.778901358344486,0.05689716966985501
mzr_blanc2019,massMetallicityBlanc2019,34,10.4,8.81,0.010000000000000002,8.790421010268602,0.0580556376979283
mzr_blanc2019,massMetallicityBlanc2019,35,10.45,8.82,0.0049999999999999975,8.798914070837844,0.05845289579746408
mzr_blanc2019,massMetallicityBlanc2019,36,10.5,8.82,0.0049999999999999975,8.806614086479234,0.059697823560365924
mzr_blanc2019,massMetallicityBlanc2019,37,10.55,8.82,0.009999999999999995,8.811744963054204,0.06030228852145585
mzr_blanc2019,massMetallicityBlanc2019,38,10.6,8.82,0.009999999999999995,8.818066800869024,0.06198297487033553
mzr_blanc2019,massMetallicityBlanc2019,39,10.65,8.82,0.009999999999999995,8.825381500528577,0.06363770155005076
mzr_blanc2019,massMetallicityBlanc2019,40,10.7,8.85,0.0,8.832987600815224,0.06565170820882393
mzr_blanc2019,massMetallicityBlanc2019,41,10.75,8.84,0.0050000000000000044,8.841817352609603,0.06776454855931097
mzr_blanc2019,massMetallicityBlanc2019,42,10.8,8.84,0.0050000000000000044,8.851284269433112,0.06943611499377832
mzr_blanc2019,massMetallicityBlanc2019,43,10.85,8.84,0.0050000000000000044,8.864482121347903,0.07091715938885676
mzr_blanc2019,massMetallicityBlanc2019,44,10.9,8.86,0.0050000000000000044,8.878809940398543,0.0725797069727179
mzr_blanc2019,massMetallicityBlanc2019,45,10.95,8.84,0.0050000000000000044,8.890768250468906,0.07446543230919223
mzr_blanc2019,massMetallicityBlanc2019,46,11.0,8.83,0.0050000000000000044,8.908007054768133,0.07650126536079148
mzr_blanc2019,massMetallicityBlanc2019,47,11.05,8.84,0.0050000000000000044,8.920918551880364,0.07767801754775326
mzr_blanc2019,massMetallicityBlanc2019,48,11.1,8.83,0.0050000000000000044,8.932771861704124,0.07735915143384128
