evaluation_id,dust_draw_index,dust_case,scatter_mode,delta_0,delta_z,delta_M,delta_Mz,attenuation_scatter,z_pivot,observable,observable_label,sample_label,output_name,redshift,bin_index,log10_luminosity_min,log10_luminosity_center,log10_luminosity_max,phi_mpc3_dex,phi_mpc3_dex_shot_noise_std_conservative,phi_mpc3_dex_shot_noise_std_smoothed_expectation,log10_phi_shot_noise_std_conservative,log10_phi_shot_noise_std_smoothed_expectation,dn_dlnL_mpc3,dn_dlnL_mpc3_shot_noise_std_conservative,dn_dlnL_mpc3_shot_noise_std_smoothed_expectation,log10_dn_dlnL_shot_noise_std_conservative,log10_dn_dlnL_shot_noise_std_smoothed_expectation,z_min,z_max,target_redshift
bestFitModel,0,map_dust,expected,-0.738126,0.517844,0.795411,0.0473573,0.258142,1.0,halpha_sobral,Halpha Sobral,Z1,Output16,0.4,0,40.05,40.1,40.150000000000006,0.020602059270626513,0.000800244308392323,0.0005894097765500533,0.016869269364969706,0.012424845991025656,0.008947360657076827,0.0003475416873092699,0.00025597741353551676,0.016869269364969703,0.012424845991025654,,,
bestFitModel,0,map_dust,expected,-0.738126,0.517844,0.795411,0.0473573,0.258142,1.0,halpha_sobral,Halpha Sobral,Z1,Output16,0.4,1,40.150000000000006,40.2,40.25,0.01873592286000318,0.0007631410630315628,0.0005624498154373391,0.017689438362062788,0.013037460338470742,0.008136907911464372,0.0003314279525883894,0.0002442688511919388,0.017689438362062788,0.013037460338470743,,,
bestFitModel,0,map_dust,expected,-0.738126,0.517844,0.795411,0.0473573,0.258142,1.0,halpha_sobral,Halpha Sobral,Z1,Output16,0.4,2,40.25,40.300000000000004,40.35,0.016732550573277473,0.000721187766197116,0.0005289866944108188,0.01871847725210196,0.013729885433590596,0.0072668543821414995,0.00031320786727554004,0.00022973600238286037,0.018718477252101958,0.013729885433590595,,,
bestFitModel,0,map_dust,expected,-0.738126,0.517844,0.795411,0.0473573,0.258142,1.0,halpha_sobral,Halpha Sobral,Z1,Output16,0.4,3,40.35,40.4,40.45,0.015634513715152242,0.0006971230886128873,0.0005105407954723699,0.019364638779811292,0.014181768253224362,0.006789983033731327,0.0003027567105919286,0.00022172505026014694,0.019364638779811292,0.014181768253224362,,,
bestFitModel,0,map_dust,expected,-0.738126,0.517844,0.795411,0.0473573,0.258142,1.0,halpha_sobral,Halpha Sobral,Z1,Output16,0.4,4,40.45,40.5,40.55,0.014489536379171263,0.0006711112555347685,0.0004888465139322856,0.020115199506375327,0.014652183337185256,0.0062927256948105015,0.0002914599150219131,0.00021230334349843274,0.020115199506375327,0.014652183337185256,,,
bestFitModel,0,map_dust,expected,-0.738126,0.517844,0.795411,0.0473573,0.258142,1.0,halpha_sobral,Halpha Sobral,Z1,Output16,0.4,5,40.55,40.6,40.650000000000006,0.01364440375219597,0.0006512452353385086,0.00047115185546157425,0.020728807004687107,0.014996525658551274,0.0059256892584387336,0.00028283221207329887,0.00020461865096544016,0.020728807004687107,0.014996525658551276,,,
bestFitModel,0,map_dust,expected,-0.738126,0.517844,0.795411,0.0473573,0.258142,1.0,halpha_sobral,Halpha Sobral,Z1,Output16,0.4,6,40.650000000000006,40.7,40.75,0.012963327713743937,0.0006347833514389224,0.0004571127519690049,0.021266368699581126,0.015314088339930861,0.0056299016931824885,0.0002756829067339766,0.0001985215457877486,0.021266368699581123,0.01531408833993086,,,
bestFitModel,0,map_dust,expected,-0.738126,0.517844,0.795411,0.0473573,0.258142,1.0,halpha_sobral,Halpha Sobral,Z1,Output16,0.4,7,40.75,40.800000000000004,40.85,0.012649056561192614,0.000627041586735902,0.00044869160300323245,0.02152893377666941,0.015405440423001448,0.005493415465808074,0.0002723207010432615,0.0001948642872606284,0.021528933776669413,0.01540544042300145,,,
bestFitModel,0,map_dust,expected,-0.738126,0.517844,0.795411,0.0473573,0.258142,1.0,halpha_sobral,Halpha Sobral,Z1,Output16,0.4,8,40.85,40.9,40.95,0.011898079333278482,0.0006081429941766115,0.0004355616804792608,0.022197964829525817,0.01589853530658273,0.005167270199689966,0.0002641131465790238,0.00018916203436065027,0.02219796482952582,0.015898535306582733,,,
bestFitModel,0,map_dust,expected,-0.738126,0.517844,0.795411,0.0473573,0.258142,1.0,halpha_sobral,Halpha Sobral,Z1,Output16,0.4,9,40.95,41.0,41.05,0.010818790399351701,0.0005799047036027374,0.0004072593959227305,0.02327888825903322,0.016348455032744902,0.004698540971306321,0.00025184941280440964,0.00017687050835249357,0.02327888825903322,0.016348455032744905,,,
bestFitModel,0,map_dust,expected,-0.738126,0.517844,0.795411,0.0473573,0.258142,1.0,halpha_sobral,Halpha Sobral,Z1,Output16,0.4,10,41.05,41.1,41.150000000000006,0.010086092953926125,0.0005599235848057064,0.0003890932062028791,0.024109605600446938,0.016753864273497177,0.004380334513853385,0.00024317172316860573,0.0001689810323999545,0.02410960560044694,0.016753864273497177,,,
bestFitModel,0,map_dust,expected,-0.738126,0.517844,0.795411,0.0473573,0.258142,1.0,halpha_sobral,Halpha Sobral,Z1,Output16,0.4,11,41.150000000000006,41.2,41.25,0.009088529167243332,0.0005315132317061572,0.00036614280121488135,0.025398308058526404,0.017496098128763904,0.003947098065950535,0.0002308332635885486,0.00015901379815622222,0.025398308058526404,0.017496098128763904,,,
bestFitModel,0,map_dust,expected,-0.738126,0.517844,0.795411,0.0473573,0.258142,1.0,halpha_sobral,Halpha Sobral,Z1,Output16,0.4,12,41.25,41.300000000000004,41.35,0.007569776905866188,0.0004850749169453231,0.0003350997013593329,0.027829797675513683,0.019225395014614777,0.0032875123394563565,0.00021066535973903198,0.00014553195118778588,0.02782979767551368,0.019225395014614777,,,
bestFitModel,0,map_dust,expected,-0.738126,0.517844,0.795411,0.0473573,0.258142,1.0,halpha_sobral,Halpha Sobral,Z1,Output16,0.4,13,41.35,41.4,41.45,0.005551078046434733,0.0004153899113639847,0.00027776216415619686,0.03249847053754273,0.02173101768079416,0.0024108025641808874,0.00018040154634365942,0.0001206305751745415,0.03249847053754273,0.021731017680794162,,,
bestFitModel,0,map_dust,expected,-0.738126,0.517844,0.795411,0.0473573,0.258142,1.0,halpha_sobral,Halpha Sobral,Z1,Output16,0.4,14,41.45,41.5,41.55,0.003941965965545348,0.0003500448665063624,0.0002211448660106293,0.03856516146283931,0.024363983821550687,0.0017119740666867683,0.00015202255394227362,9.604199500965029e-05,0.03856516146283932,0.02436398382155069,,,
bestFitModel,0,map_dust,expected,-0.738126,0.517844,0.795411,0.0473573,0.258142,1.0,halpha_sobral,Halpha Sobral,Z1,Output16,0.4,15,41.55,41.6,41.7,0.0028730747971760316,0.0002440029711043632,0.00017394169021032346,0.036883531198972426,0.02629305589451382,0.0012477605305088548,0.00010596914391862355,7.554191623126836e-05,0.03688353119897243,0.026293055894513823,,,
bestFitModel,0,map_dust,expected,-0.738126,0.517844,0.795411,0.0473573,0.258142,1.0,halpha_sobral,Halpha Sobral,Z1,Output16,0.4,16,41.7,41.800000000000004,41.95,0.001141616942909327,0.0001191399672274971,9.307797466223836e-05,0.045323285242400126,0.03540876914416242,0.0004957979387527803,5.174183034103625e-05,4.04232507825408e-05,0.045323285242400126,0.03540876914416241,,,
bestFitModel,0,map_dust,expected,-0.738126,0.517844,0.795411,0.0473573,0.258142,1.0,halpha_sobral,Halpha Sobral,Z1,Output16,0.4,17,41.95,42.1,42.25,0.0003326296455438447,5.8706626778542625e-05,4.6236655547593106e-05,0.07664970456673878,0.060368414646716224,0.00014445921957712633,2.5495964061074737e-05,2.0080324365981063e-05,0.07664970456673878,0.060368414646716224,,,
bestFitModel,0,map_dust,expected,-0.738126,0.517844,0.795411,0.0473573,0.258142,1.0,halpha_sobral,Halpha Sobral,Z2,Output13,0.84,0,41.22500000000001,41.300000000000004,41.375,0.00983438052719204,0.000451434922581501,0.0003410427975521553,0.019935744328122548,0.015060735616261416,0.004271017195896295,0.00019605569581556756,0.00014811300506974886,0.019935744328122548,0.015060735616261414,,,
bestFitModel,0,map_dust,expected,-0.738126,0.517844,0.795411,0.0473573,0.258142,1.0,halpha_sobral,Halpha Sobral,Z2,Output13,0.84,1,41.375,41.45,41.525000000000006,0.006831833177541342,0.0003762619265293713,0.00028078490599591405,0.023918686858334644,0.0178492846805188,0.0029670274502897635,0.00016340847844199273,0.00012194333527574875,0.023918686858334648,0.0178492846805188,,,
bestFitModel,0,map_dust,expected,-0.738126,0.517844,0.795411,0.0473573,0.258142,1.0,halpha_sobral,Halpha Sobral,Z2,Output13,0.84,2,41.525000000000006,41.6,41.675,0.003652256828495599,0.0002751074194659304,0.00020037312923815636,0.03271337143448119,0.02382662239710651,0.0015861549871091095,0.00011947763420469681,8.702094434981843e-05,0.0327133714344812,0.023826622397106513,,,
bestFitModel,0,map_dust,expected,-0.738126,0.517844,0.795411,0.0473573,0.258142,1.0,halpha_sobral,Halpha Sobral,Z2,Output13,0.84,3,41.675,41.75,41.825,0.001838436846373305,0.0001951848054581351,0.0001327210806573425,0.04610856452809325,0.031352740277930724,0.0007984229777075427,8.476768396182778e-05,5.764003296172025e-05,0.04610856452809324,0.03135274027793072,,,
bestFitModel,0,map_dust,expected,-0.738126,0.517844,0.795411,0.0473573,0.258142,1.0,halpha_sobral,Halpha Sobral,Z2,Output13,0.84,4,41.825,41.9,41.975,0.0011520794090898955,0.0001545122282549445,0.00010581344895891673,0.05824581846377055,0.03988804645880374,0.0005003417300821006,6.71038081176981e-05,4.5954196994008915e-05,0.05824581846377055,0.03988804645880374,,,
bestFitModel,0,map_dust,expected,-0.738126,0.517844,0.795411,0.0473573,0.258142,1.0,halpha_sobral,Halpha Sobral,Z2,Output13,0.84,5,41.975,42.050000000000004,42.125,0.0007743399679765053,0.000126674000546696,8.674285594580869e-05,0.07104608016269771,0.048650392902018474,0.000336291575209337,5.5013819438039576e-05,3.7671943681793386e-05,0.07104608016269771,0.04865039290201847,,,
bestFitModel,0,map_dust,expected,-0.738126,0.517844,0.795411,0.0473573,0.258142,1.0,halpha_sobral,Halpha Sobral,Z2,Output13,0.84,6,42.125,42.2,42.275000000000006,0.0004787462646379415,9.960344221320215e-05,6.574368124521064e-05,0.09035522264487428,0.05963935406659355,0.0002079168609640519,4.3257225331763105e-05,2.8552117984801284e-05,0.09035522264487426,0.059639354066593535,,,
bestFitModel,0,map_dust,expected,-0.738126,0.517844,0.795411,0.0473573,0.258142,1.0,halpha_sobral,Halpha Sobral,Z2,Output13,0.84,7,42.275000000000006,42.35,42.425,0.00035521647073607436,8.579622822751432e-05,5.7307128598120134e-05,0.1048961170356491,0.07006479646709712,0.000154268553121825,3.726082848732148e-05,2.4888169723883605e-05,0.10489611703564909,0.07006479646709711,,,
bestFitModel,0,map_dust,expected,-0.738126,0.517844,0.795411,0.0473573,0.258142,1.0,halpha_sobral,Halpha Sobral,Z2,Output13,0.84,8,42.425,42.5,42.575,0.0002631914307369708,7.385119392666019e-05,4.9392304060681165e-05,0.12186250104916548,0.08150267294788556,0.0001143025860532883,3.207316600431546e-05,2.1450805102041407e-05,0.12186250104916545,0.08150267294788556,,,
bestFitModel,0,map_dust,expected,-0.738126,0.517844,0.795411,0.0473573,0.258142,1.0,halpha_sobral,Halpha Sobral,Z3,Output10,1.47,0,41.650000000000006,41.7,41.75,0.0034975132821964284,0.00032972127007871785,0.0002128807809630887,0.040942268579861454,0.026433909185175145,0.0015189507188412394,0.00014319612816131894,9.245294847552422e-05,0.04094226857986146,0.026433909185175145,,,
bestFitModel,0,map_dust,expected,-0.738126,0.517844,0.795411,0.0473573,0.258142,1.0,halpha_sobral,Halpha Sobral,Z3,Output10,1.47,1,41.75,41.800000000000004,41.85,0.002472277935186779,0.0002772144881886898,0.0001720555549249488,0.04869708248028617,0.03022426282304779,0.0010736966649827833,0.00012039272252398217,7.472277808470712e-05,0.048697082480286175,0.03022426282304779,,,
bestFitModel,0,map_dust,expected,-0.738126,0.517844,0.795411,0.0473573,0.258142,1.0,halpha_sobral,Halpha Sobral,Z3,Output10,1.47,2,41.85,41.9,41.95,0.0022747882995358664,0.00026591189850793285,0.00017116061502983547,0.05076695278324379,0.032677375139388135,0.0009879280059865083,0.00011548407019441278,7.433411062662433e-05,0.05076695278324379,0.032677375139388135,,,
bestFitModel,0,map_dust,expected,-0.738126,0.517844,0.795411,0.0473573,0.258142,1.0,halpha_sobral,Halpha Sobral,Z3,Output10,1.47,3,41.95,42.0,42.05,0.0018826432336198262,0.0002419085908880664,0.0001518698306898067,0.055804288497973496,0.03503384404348759,0.000817621567753585,0.0001050595661476785,6.595622943616416e-05,0.0558042884979735,0.0350338440434876,,,
bestFitModel,0,map_dust,expected,-0.738126,0.517844,0.795411,0.0473573,0.258142,1.0,halpha_sobral,Halpha Sobral,Z3,Output10,1.47,4,42.05,42.1,42.150000000000006,0.00159377114087219,0.00022257698598555142,0.00014151884667262357,0.06065108994211246,0.038563161685559434,0.0006921660118974422,9.666395681218239e-05,6.146085419523277e-05,0.06065108994211248,0.038563161685559434,,,
bestFitModel,0,map_dust,expected,-0.738126,0.517844,0.795411,0.0473573,0.258142,1.0,halpha_sobral,Halpha Sobral,Z3,Output10,1.47,5,42.150000000000006,42.2,42.25,0.0012334337804675154,0.00019580563998057118,0.00012431064013095866,0.0689435544215958,0.04377002308974635,0.0005356734846501087,8.50373089690968e-05,5.398742505073628e-05,0.06894355442159582,0.043770023089746354,,,
bestFitModel,0,map_dust,expected,-0.738126,0.517844,0.795411,0.0473573,0.258142,1.0,halpha_sobral,Halpha Sobral,Z3,Output10,1.47,6,42.25,42.300000000000004,42.35,0.0008368303519040968,0.00016128203318777458,0.00010354337489537513,0.08370142990656589,0.053736478669041646,0.00036343080412110557,7.004389704358762e-05,4.4968316354701116e-05,0.08370142990656589,0.05373647866904165,,,
bestFitModel,0,map_dust,expected,-0.738126,0.517844,0.795411,0.0473573,0.258142,1.0,halpha_sobral,Halpha Sobral,Z3,Output10,1.47,7,42.35,42.4,42.45,0.00048305097642905675,0.00012253601711339853,7.382795591210661e-05,0.11016790911003796,0.06637617027471923,0.0002097863735411171,5.321671606675142e-05,3.206307386282446e-05,0.11016790911003797,0.06637617027471925,,,
bestFitModel,0,map_dust,expected,-0.738126,0.517844,0.795411,0.0473573,0.258142,1.0,halpha_sobral,Halpha Sobral,Z3,Output10,1.47,8,42.45,42.5,42.55,0.0002784539156250306,9.303448170241482e-05,4.464431752006078e-05,0.1451025098332494,0.06963012426590628,0.00012093099902030445,4.04043620300878e-05,1.9388780747299065e-05,0.1451025098332494,0.06963012426590628,,,
bestFitModel,0,map_dust,expected,-0.738126,0.517844,0.795411,0.0473573,0.258142,1.0,halpha_sobral,Halpha Sobral,Z3,Output10,1.47,9,42.55,42.6,42.650000000000006,0.00035865149578043096,0.00010558533472572567,6.649902567851105e-05,0.1278542785427648,0.08052429794354081,0.00015576036554378856,4.585512824129045e-05,2.8880159904119993e-05,0.1278542785427648,0.08052429794354081,,,
bestFitModel,0,map_dust,expected,-0.738126,0.517844,0.795411,0.0473573,0.258142,1.0,halpha_sobral,Halpha Sobral,Z3,Output10,1.47,10,42.650000000000006,42.7,42.75,0.00030382011303429904,9.717969648634302e-05,5.649374266974916e-05,0.1389131401326515,0.08075476129114774,0.0001319473985820183,4.22046059370516e-05,2.4534920703534344e-05,0.1389131401326515,0.08075476129114774,,,
bestFitModel,0,map_dust,expected,-0.738126,0.517844,0.795411,0.0473573,0.258142,1.0,halpha_sobral,Halpha Sobral,Z3,Output10,1.47,11,42.75,42.800000000000004,42.900000000000006,0.0002604056278232215,7.345930772115662e-05,5.089475933496019e-05,0.12251260563918709,0.08488032045133924,0.00011309272722017699,3.1902971987731256e-05,2.2103313136967224e-05,0.12251260563918707,0.08488032045133925,,,
bestFitModel,0,map_dust,expected,-0.738126,0.517844,0.795411,0.0473573,0.258142,1.0,halpha_sobral,Halpha Sobral,Z3,Output10,1.47,12,42.900000000000006,43.0,43.099999999999994,0.00017063655367222804,5.14977572309886e-05,3.9528158672988274e-05,0.13106917195932374,0.10060482834440276,7.41065136708367e-05,2.2365191795811634e-05,1.7166861191474972e-05,0.13106917195932374,0.10060482834440276,,,
bestFitModel,0,map_dust,expected,-0.738126,0.517844,0.795411,0.0473573,0.258142,1.0,halpha_sobral,Halpha Sobral,Z4,Output6,2.23,0,41.525000000000006,41.6,41.675,0.005650056131908549,0.0003421748058738792,0.0002593033065396557,0.02630144313046754,0.01993148254465211,0.002453788200531514,0.0001486046300373421,0.00011261399516943983,0.026301443130467544,0.01993148254465211,,,
bestFitModel,0,map_dust,expected,-0.738126,0.517844,0.795411,0.0473573,0.258142,1.0,halpha_sobral,Halpha Sobral,Z4,Output6,2.23,1,41.675,41.75,41.825,0.004276446325934588,0.0002976892562838797,0.0002212702890347677,0.03023183070062678,0.022471102923508804,0.0018572370415088266,0.0001292848013259719,9.609646553693722e-05,0.030231830700626787,0.022471102923508807,,,
bestFitModel,0,map_dust,expected,-0.738126,0.517844,0.795411,0.0473573,0.258142,1.0,halpha_sobral,Halpha Sobral,Z4,Output6,2.23,2,41.825,41.9,41.95,0.003663975080243682,0.0003018481559177509,0.00021222476486949527,0.035778351549004814,0.025155205012995615,0.0015912441591808553,0.00013109098848775158,9.216804430603688e-05,0.035778351549004814,0.02515520501299562,,,
bestFitModel,0,map_dust,expected,-0.738126,0.517844,0.795411,0.0473573,0.258142,1.0,halpha_sobral,Halpha Sobral,Z4,Output6,2.23,3,41.95,42.0,42.05,0.003134943808823721,0.0003121635264972182,0.00020125847421603713,0.0432450803831376,0.027881024387830626,0.0013614887972489048,0.00013557089700920138,8.740544478829281e-05,0.043245080383137596,0.027881024387830626,,,
bestFitModel,0,map_dust,expected,-0.738126,0.517844,0.795411,0.0473573,0.258142,1.0,halpha_sobral,Halpha Sobral,Z4,Output6,2.23,4,42.05,42.1,42.150000000000006,0.0027379259012237198,0.0002917280056136736,0.00019115213805013593,0.0462743944231772,0.03032087856069384,0.001189066110761449,0.00012669586305465928,8.301631875918263e-05,0.0462743944231772,0.030320878560693838,,,
bestFitModel,0,map_dust,expected,-0.738126,0.517844,0.795411,0.0473573,0.258142,1.0,halpha_sobral,Halpha Sobral,Z4,Output6,2.23,5,42.150000000000006,42.2,42.25,0.00199312534959295,0.0002489055521643412,0.00015985649802865076,0.054235579233454616,0.03483212684259898,0.0008656033410697078,0.0001080983078200554,6.942479499022108e-05,0.05423557923345464,0.03483212684259899,,,
bestFitModel,0,map_dust,expected,-0.738126,0.517844,0.795411,0.0473573,0.258142,1.0,halpha_sobral,Halpha Sobral,Z4,Output6,2.23,6,42.25,42.300000000000004,42.35,0.0012961584171245193,0.00020072262136629158,0.0001261525884742915,0.06725468561622716,0.04226904082738618,0.0005629144482296321,8.717272685253619e-05,5.478737305219656e-05,0.06725468561622716,0.042269040827386174,,,
bestFitModel,0,map_dust,expected,-0.738126,0.517844,0.795411,0.0473573,0.258142,1.0,halpha_sobral,Halpha Sobral,Z4,Output6,2.23,7,42.35,42.4,42.45,0.0007691052375143991,0.00015461803949901056,9.361781643922201e-05,0.08730893781731937,0.05286363829582485,0.00033401816065539334,6.714976135711932e-05,4.0657701087385656e-05,0.08730893781731938,0.052863638295824855,,,
bestFitModel,0,map_dust,expected,-0.738126,0.517844,0.795411,0.0473573,0.258142,1.0,halpha_sobral,Halpha Sobral,Z4,Output6,2.23,8,42.45,42.5,42.55,0.0006182736631248476,0.00013863013666372628,8.466473247482609e-05,0.09737808185821523,0.059471118242031905,0.0002685128402012313,6.020630337855e-05,3.676942612563201e-05,0.09737808185821525,0.05947111824203192,,,
bestFitModel,0,map_dust,expected,-0.738126,0.517844,0.795411,0.0473573,0.258142,1.0,halpha_sobral,Halpha Sobral,Z4,Output6,2.23,9,42.55,42.6,42.650000000000006,0.0006859434116262873,0.00014601969010406016,9.929846261573779e-05,0.09245011262819151,0.06286928869722319,0.0002979014385671874,6.34155456614162e-05,4.312477437549126e-05,0.09245011262819153,0.06286928869722319,,,
bestFitModel,0,map_dust,expected,-0.738126,0.517844,0.795411,0.0473573,0.258142,1.0,halpha_sobral,Halpha Sobral,Z4,Output6,2.23,10,42.650000000000006,42.7,42.75,0.000493767277669625,0.00012388776856277596,7.325717319407501e-05,0.10896585637681797,0.06443356519729691,0.00021444040403630885,5.380377426212075e-05,3.181518607801759e-05,0.10896585637681795,0.06443356519729691,,,
bestFitModel,0,map_dust,expected,-0.738126,0.517844,0.795411,0.0473573,0.258142,1.0,halpha_sobral,Halpha Sobral,Z4,Output6,2.23,11,42.75,42.800000000000004,42.85,0.0005703145717952116,0.00013314489267177517,8.523125343467494e-05,0.10138982070708184,0.06490358984842562,0.00024768447147967634,5.782409218095267e-05,3.70154630523769e-05,0.10138982070708184,0.06490358984842562,,,
bestFitModel,0,map_dust,expected,-0.738126,0.517844,0.795411,0.0473573,0.258142,1.0,halpha_sobral,Halpha Sobral,Z4,Output6,2.23,12,42.85,42.9,42.95,0.0006161072596103684,0.00013838704660518088,9.479662884559767e-05,0.09754913575523588,0.06682221669764082,0.0002675719831093172,6.010073070751819e-05,4.1169652810673694e-05,0.0975491357552359,0.06682221669764082,,,
bestFitModel,0,map_dust,expected,-0.738126,0.517844,0.795411,0.0473573,0.258142,1.0,halpha_sobral,Halpha Sobral,Z4,Output6,2.23,13,42.95,43.0,43.1,0.0005165697577622958,0.00010346325487551933,7.946708248819773e-05,0.08698441981356625,0.0668101740354995,0.00022434339531426453,4.4933520672187756e-05,3.451211541757481e-05,0.08698441981356625,0.06681017403549952,,,
bestFitModel,0,map_dust,expected,-0.738126,0.517844,0.795411,0.0473573,0.258142,1.0,halpha_sobral,Halpha Sobral,Z4,Output6,2.23,14,43.1,43.2,43.300000000000004,0.0003498049245891746,7.37335662191514e-05,6.0225692635511554e-05,0.09154268190373113,0.07477220628360878,0.00015191834849166165,3.2022080940025474e-05,2.6155685980403977e-05,0.09154268190373115,0.07477220628360877,,,
bestFitModel,0,map_dust,expected,-0.738126,0.517844,0.795411,0.0473573,0.258142,1.0,oii_comparat,[OII] Comparat,z0.100_0.240,Output18,0.10000000000000009,0,40.5,40.625,40.75,0.0074748819615007315,0.00030485929641280916,0.00023255032728331857,0.01771248173160572,0.013511293479163336,0.0032462999887579226,0.0001323987101889908,0.00010099532390394047,0.017712481731605716,0.013511293479163335,0.1,0.24,
bestFitModel,0,map_dust,expected,-0.738126,0.517844,0.795411,0.0473573,0.258142,1.0,oii_comparat,[OII] Comparat,z0.100_0.240,Output18,0.10000000000000009,1,40.75,40.875,41.0,0.00696167578865954,0.00029420779185355955,0.00022578327806727048,0.018353744761150943,0.014085176435589755,0.0030234173798143068,0.00012777282053494138,9.805643177064305e-05,0.018353744761150943,0.014085176435589751,0.1,0.24,
bestFitModel,0,map_dust,expected,-0.738126,0.517844,0.795411,0.0473573,0.258142,1.0,oii_comparat,[OII] Comparat,z0.100_0.240,Output18,0.10000000000000009,2,41.0,41.125,41.25,0.005383851613572496,0.0002587282281362742,0.00019785726535387045,0.020870605257567523,0.01596038017300313,0.0023381770471604534,0.00011236424179218954,8.592831854765338e-05,0.020870605257567527,0.015960380173003132,0.1,0.24,
bestFitModel,0,map_dust,expected,-0.738126,0.517844,0.795411,0.0473573,0.258142,1.0,oii_comparat,[OII] Comparat,z0.100_0.240,Output18,0.10000000000000009,3,41.25,41.375,41.5,0.0030534018094304748,0.0001948449942386872,0.00014734075911300266,0.027713386938784914,0.020956717338864974,0.0013260755568690597,8.462010582433274e-05,6.39892786422133e-05,0.02771338693878491,0.02095671733886497,0.1,0.24,
bestFitModel,0,map_dust,expected,-0.738126,0.517844,0.795411,0.0473573,0.258142,1.0,oii_comparat,[OII] Comparat,z0.100_0.240,Output18,0.10000000000000009,4,41.5,41.625,41.75,0.0008760909063127813,0.0001043690810806847,7.047625448766721e-05,0.05173768574476204,0.034936384122535004,0.00038048144625725967,4.5326915994654434e-05,3.0607448429203154e-05,0.051737685744762035,0.034936384122535004,0.1,0.24,
bestFitModel,0,map_dust,expected,-0.738126,0.517844,0.795411,0.0473573,0.258142,1.0,oii_comparat,[OII] Comparat,z0.100_0.240,Output18,0.10000000000000009,5,41.75,41.875,42.0,0.0001222981036138193,3.899483929832383e-05,2.2831545676163288e-05,0.1384751114656898,0.08107741663591364,5.311339154671386e-05,1.693524352996611e-05,9.915614300479763e-06,0.1384751114656898,0.08107741663591364,0.1,0.24,
bestFitModel,0,map_dust,expected,-0.738126,0.517844,0.795411,0.0473573,0.258142,1.0,oii_comparat,[OII] Comparat,z0.100_0.240,Output18,0.10000000000000009,6,42.0,42.125,42.25,3.699883155360938e-05,2.144822110291252e-05,1.5095164387660565e-05,0.25176049298040837,0.17718793598885757,1.606838838060047e-05,9.314844071635783e-06,6.555746596983462e-06,0.2517604929804083,0.17718793598885757,0.1,0.24,
bestFitModel,0,map_dust,expected,-0.738126,0.517844,0.795411,0.0473573,0.258142,1.0,oii_comparat,[OII] Comparat,z0.240_0.400,Output17,0.25,0,42.0,42.125,42.25,1.3432930056510483e-05,1.2923574485135095e-05,8.043277222577204e-06,0.4178267185005982,0.2600438548766493,5.8338473993348385e-06,5.61263708535983e-06,3.4931509141833927e-06,0.41782671850059816,0.2600438548766493,0.24,0.4,
bestFitModel,0,map_dust,expected,-0.738126,0.517844,0.795411,0.0473573,0.258142,1.0,oii_comparat,[OII] Comparat,z0.240_0.400,Output17,0.25,1,42.25,42.375,42.5,3.0966860185505683e-06,6.205058212213782e-06,2.364651477432855e-06,0.8702278904963824,0.3316303564912713,1.3448736500434627e-06,2.694822541452902e-06,1.0269550882734606e-06,0.8702278904963822,0.33163035649127126,0.24,0.4,
bestFitModel,0,map_dust,expected,-0.738126,0.517844,0.795411,0.0473573,0.258142,1.0,oii_comparat,[OII] Comparat,z0.240_0.400,Output17,0.25,2,42.5,42.625,42.75,1.7782552282020702e-07,1.4869429996137022e-06,1.502347446979956e-07,3.6314873669164793,0.3669108887055054,7.722864330237669e-08,6.457711396368999e-07,6.524612061248329e-08,3.6314873669164793,0.3669108887055054,0.24,0.4,
bestFitModel,0,map_dust,expected,-0.738126,0.517844,0.795411,0.0473573,0.258142,1.0,oii_comparat,[OII] Comparat,z0.500_0.695,Output15,0.4999999999999998,0,41.0,41.125,41.25,0.00662859524813209,0.0002870833623470494,0.00021549989407628652,0.018809222081962125,0.0141191928824497,0.0028787623390338826,0.0001246787201135553,9.359041484806649e-05,0.01880922208196212,0.014119192882449698,0.5,0.695,
bestFitModel,0,map_dust,expected,-0.738126,0.517844,0.795411,0.0473573,0.258142,1.0,oii_comparat,[OII] Comparat,z0.500_0.695,Output15,0.4999999999999998,1,41.25,41.375,41.5,0.00391278508096222,0.00022056686500736587,0.00016304002452927736,0.024481531794187335,0.01809641508984267,0.0016993009695352604,9.579097236339843e-05,7.080738298243597e-05,0.02448153179418733,0.018096415089842666,0.5,0.695,
bestFitModel,0,map_dust,expected,-0.738126,0.517844,0.795411,0.0473573,0.258142,1.0,oii_comparat,[OII] Comparat,z0.500_0.695,Output15,0.4999999999999998,2,41.5,41.625,41.75,0.0013174896059618228,0.00012798847732880514,8.85379608788181e-05,0.04218985045466097,0.029185465809094892,0.0005721784658341093,5.558468945109951e-05,3.8451547848636683e-05,0.04218985045466096,0.02918546580909489,0.5,0.695,
bestFitModel,0,map_dust,expected,-0.738126,0.517844,0.795411,0.0473573,0.258142,1.0,oii_comparat,[OII] Comparat,z0.500_0.695,Output15,0.4999999999999998,3,41.75,41.875,42.0,0.0002305445474420636,5.3539548092078176e-05,3.580416610555817e-05,0.10085656138029717,0.06744705932678366,0.00010012422478697067,2.3251930299983324e-05,1.5549551768791355e-05,0.10085656138029718,0.06744705932678366,0.5,0.695,
bestFitModel,0,map_dust,expected,-0.738126,0.517844,0.795411,0.0473573,0.258142,1.0,oii_comparat,[OII] Comparat,z0.500_0.695,Output15,0.4999999999999998,4,42.0,42.125,42.25,3.0500892893575974e-05,1.9473927557800697e-05,1.1262167495990222e-05,0.2772843178344393,0.1603591480041185,1.3246369476802152e-05,8.45741927933651e-06,4.891097197778716e-06,0.2772843178344393,0.1603591480041185,0.5,0.695,
bestFitModel,0,map_dust,expected,-0.738126,0.517844,0.795411,0.0473573,0.258142,1.0,oii_comparat,[OII] Comparat,z0.500_0.695,Output15,0.4999999999999998,5,42.25,42.375,42.5,1.0583502349503794e-05,1.1471282596170818e-05,7.813580780652569e-06,0.47072458316252663,0.32063062915102125,4.596356669599598e-06,4.981914731869794e-06,3.393395016942713e-06,0.47072458316252663,0.32063062915102125,0.5,0.695,
bestFitModel,0,map_dust,expected,-0.738126,0.517844,0.795411,0.0473573,0.258142,1.0,oii_comparat,[OII] Comparat,z0.500_0.695,Output15,0.4999999999999998,6,42.5,42.625,42.75,1.5101323199791076e-07,1.3702656620859588e-06,1.4056990174058008e-07,3.9407064395103526,0.4042608176776247,6.558421335106822e-08,5.950988157854377e-07,6.104873264761623e-08,3.940706439510352,0.4042608176776246,0.5,0.695,
bestFitModel,0,map_dust,expected,-0.738126,0.517844,0.795411,0.0473573,0.258142,1.0,oii_comparat,[OII] Comparat,z0.500_0.695,Output15,0.4999999999999998,7,42.75,42.875,43.0,1.6502887213756065e-09,1.4324426365967837e-07,1.6195278676662122e-09,37.696551194894674,0.4261993717255082,7.167112852405989e-10,6.221019327169282e-08,7.033520162159757e-10,37.69655119489467,0.42619937172550815,0.5,0.695,
bestFitModel,0,map_dust,expected,-0.738126,0.517844,0.795411,0.0473573,0.258142,1.0,oii_comparat,[OII] Comparat,z0.500_0.695,Output15,0.4999999999999998,8,43.0,43.125,43.25,3.114312928072437e-12,6.2226933217053636e-09,3.1075332146924956e-12,867.7616651276983,0.43334904315711503,1.3525289195818182e-12,2.702481372192856e-09,1.3495845274720238e-12,867.7616651276983,0.433349043157115,0.5,0.695,
bestFitModel,0,map_dust,expected,-0.738126,0.517844,0.795411,0.0473573,0.258142,1.0,oii_comparat,[OII] Comparat,z0.695_0.880,Output14,0.75,0,40.75,40.875,41.0,0.009441809709130436,0.0003426296125896517,0.0002607866517648222,0.015759918349174073,0.011995391487922495,0.004100525855855895,0.00014880215008433465,0.0001132582038154872,0.015759918349174073,0.011995391487922495,0.695,0.88,
bestFitModel,0,map_dust,expected,-0.738126,0.517844,0.795411,0.0473573,0.258142,1.0,oii_comparat,[OII] Comparat,z0.695_0.880,Output14,0.75,1,41.0,41.125,41.25,0.007549108237169807,0.0003063691979427362,0.0002316104442420592,0.017625188023736443,0.01332437351874526,0.0032785360506932316,0.00013305445209165542,0.00010058713788548709,0.017625188023736443,0.01332437351874526,0.695,0.88,
bestFitModel,0,map_dust,expected,-0.738126,0.517844,0.795411,0.0473573,0.258142,1.0,oii_comparat,[OII] Comparat,z0.695_0.880,Output14,0.75,2,41.25,41.375,41.5,0.004227109374999922,0.0002292551054669998,0.00017017812842314936,0.0235537381268891,0.01748415183006663,0.0018358102759639698,9.956422725246602e-05,7.39074221147967e-05,0.023553738126889098,0.01748415183006663,0.695,0.88,
bestFitModel,0,map_dust,expected,-0.738126,0.517844,0.795411,0.0473573,0.258142,1.0,oii_comparat,[OII] Comparat,z0.695_0.880,Output14,0.75,3,41.5,41.625,41.75,0.001332029592535097,0.00012869278818183712,8.868385729871179e-05,0.04195895352575904,0.02891445511013386,0.0005784931017698295,5.5890567768115876e-05,3.851490985872595e-05,0.04195895352575904,0.02891445511013386,0.695,0.88,
bestFitModel,0,map_dust,expected,-0.738126,0.517844,0.795411,0.0473573,0.258142,1.0,oii_comparat,[OII] Comparat,z0.695_0.880,Output14,0.75,4,41.75,41.875,42.0,0.00030402098914034527,6.148215158352322e-05,4.0658182596809915e-05,0.0878273544328785,0.058080280562004476,0.0001320346379664204,2.6701359168263406e-05,1.765762434600937e-05,0.0878273544328785,0.058080280562004476,0.695,0.88,
bestFitModel,0,map_dust,expected,-0.738126,0.517844,0.795411,0.0473573,0.258142,1.0,oii_comparat,[OII] Comparat,z0.695_0.880,Output14,0.75,5,42.0,42.125,42.25,7.864283149882523e-05,3.1269925341587156e-05,2.0966589086986184e-05,0.17268396580533626,0.11578517420175873,3.415414776118703e-05,1.3580356025377958e-05,9.105673944811037e-06,0.17268396580533626,0.11578517420175871,0.695,0.88,
bestFitModel,0,map_dust,expected,-0.738126,0.517844,0.795411,0.0473573,0.258142,1.0,oii_comparat,[OII] Comparat,z0.695_0.880,Output14,0.75,6,42.25,42.375,42.5,2.314608640819168e-05,1.696430447430721e-05,9.323922399110746e-06,0.31830451561395784,0.1749465536512825,1.0052217604733504e-05,7.3675038225182654e-06,4.049328047627926e-06,0.3183045156139578,0.17494655365128245,0.695,0.88,
bestFitModel,0,map_dust,expected,-0.738126,0.517844,0.795411,0.0473573,0.258142,1.0,oii_comparat,[OII] Comparat,z0.695_0.880,Output14,0.75,7,42.5,42.625,42.75,1.2569259123274007e-05,1.2501211802492036e-05,7.942320139592087e-06,0.4319433030760774,0.2744239558039632,5.458759878850006e-06,5.429207302926095e-06,3.4493058101339077e-06,0.43194330307607737,0.2744239558039632,0.695,0.88,
bestFitModel,0,map_dust,expected,-0.738126,0.517844,0.795411,0.0473573,0.258142,1.0,oii_comparat,[OII] Comparat,z0.695_0.880,Output14,0.75,8,42.75,42.875,43.0,2.9151046755831877e-06,6.0203861852531444e-06,2.1990151728463515e-06,0.8969216512470295,0.3276109304711802,1.2660138747761473e-06,2.6146204991820086e-06,9.550201551886958e-07,0.8969216512470295,0.3276109304711802,0.695,0.88,
bestFitModel,0,map_dust,expected,-0.738126,0.517844,0.795411,0.0473573,0.258142,1.0,oii_comparat,[OII] Comparat,z0.695_0.880,Output14,0.75,9,43.0,43.125,43.25,1.5551766155332718e-07,1.3905516738527998e-06,1.285725085783811e-07,3.88321758907441,0.35904816496293823,6.754046225110749e-08,6.039089187556013e-07,5.583833100004942e-08,3.8832175890744103,0.3590481649629383,0.695,0.88,
bestFitModel,0,map_dust,expected,-0.738126,0.517844,0.795411,0.0473573,0.258142,1.0,oii_comparat,[OII] Comparat,z0.880_1.090,Output12,1.0,0,41.0,41.125,41.25,0.00798405859056719,0.0003150715077030641,0.00023883613820662662,0.017138378388410338,0.012991540045155365,0.003467432589075584,0.00013683381720037862,0.00010372521690222035,0.017138378388410338,0.012991540045155365,0.88,1.09,
bestFitModel,0,map_dust,expected,-0.738126,0.517844,0.795411,0.0473573,0.258142,1.0,oii_comparat,[OII] Comparat,z0.880_1.090,Output12,1.0,1,41.25,41.375,41.5,0.004443580350645002,0.00023505191421253026,0.0001735011073711665,0.022972860002065873,0.01695717587833509,0.001929822426178841,0.0001020817493032984,7.535057353540121e-05,0.022972860002065873,0.01695717587833509,0.88,1.09,
bestFitModel,0,map_dust,expected,-0.738126,0.517844,0.795411,0.0473573,0.258142,1.0,oii_comparat,[OII] Comparat,z0.880_1.090,Output12,1.0,2,41.5,41.625,41.75,0.0014837892350182493,0.0001358261470925756,9.648157043126378e-05,0.039755340440759755,0.02823946464549087,0.0006444014770758729,5.8988546180484986e-05,4.1901413643657796e-05,0.039755340440759755,0.02823946464549087,0.88,1.09,
bestFitModel,0,map_dust,expected,-0.738126,0.517844,0.795411,0.0473573,0.258142,1.0,oii_comparat,[OII] Comparat,z0.880_1.090,Output12,1.0,3,41.75,41.875,42.0,0.00037594970774457116,6.836945992767882e-05,4.914134939492775e-05,0.07897992355262093,0.05676774429093835,0.00016327288354660746,2.969247917729641e-05,2.1341816875496822e-05,0.07897992355262093,0.05676774429093835,0.88,1.09,
bestFitModel,0,map_dust,expected,-0.738126,0.517844,0.795411,0.0473573,0.258142,1.0,oii_comparat,[OII] Comparat,z0.880_1.090,Output12,1.0,4,42.0,42.125,42.25,8.451227142669935e-05,3.2415831088726254e-05,2.3605970184074305e-05,0.1665795550218063,0.12130714768219256,3.670321313372538e-05,1.4078016568141691e-05,1.025194259091616e-05,0.1665795550218063,0.12130714768219256,0.88,1.09,
bestFitModel,0,map_dust,expected,-0.738126,0.517844,0.795411,0.0473573,0.258142,1.0,oii_comparat,[OII] Comparat,z0.880_1.090,Output12,1.0,5,42.25,42.375,42.5,2.6391513042474754e-05,1.81146279302006e-05,1.209712306520872e-05,0.29809139548593844,0.19906830599933098,1.1461688483424486e-05,7.867082951816644e-06,5.2537137941246985e-06,0.29809139548593844,0.19906830599933098,0.88,1.09,
bestFitModel,0,map_dust,expected,-0.738126,0.517844,0.795411,0.0473573,0.258142,1.0,oii_comparat,[OII] Comparat,z0.880_1.090,Output12,1.0,6,42.5,42.625,42.75,2.3004246535370232e-05,1.691224572832383e-05,1.33232233502807e-05,0.3192843106210726,0.25152757658438735,9.990617330653289e-06,7.344894996402882e-06,5.786202382191463e-06,0.3192843106210726,0.25152757658438735,0.88,1.09,
bestFitModel,0,map_dust,expected,-0.738126,0.517844,0.795411,0.0473573,0.258142,1.0,oii_comparat,[OII] Comparat,z0.880_1.090,Output12,1.0,7,42.75,42.875,43.0,3.5860603008142645e-06,6.677379624069992e-06,2.5407803287092276e-06,0.8086727163088512,0.3077044957208876,1.5574062004159503e-06,2.899949124306807e-06,1.1034468764867478e-06,0.8086727163088512,0.3077044957208876,0.88,1.09,
bestFitModel,0,map_dust,expected,-0.738126,0.517844,0.795411,0.0473573,0.258142,1.0,oii_comparat,[OII] Comparat,z0.880_1.090,Output12,1.0,8,43.0,43.125,43.25,1.1966818985189733e-07,1.2197943977094393e-06,1.1966818985189733e-07,4.426823675007823,0.4342944819032518,5.197123451202973e-08,5.2974997598171e-07,5.197123451202973e-08,4.426823675007823,0.4342944819032518,0.88,1.09,
bestFitModel,0,map_dust,expected,-0.738126,0.517844,0.795411,0.0473573,0.258142,1.0,oii_comparat,[OII] Comparat,z0.880_1.090,Output12,1.0,9,43.25,43.375,43.5,0.0,0.0,0.0,nan,nan,0.0,0.0,0.0,nan,nan,0.88,1.09,
bestFitModel,0,map_dust,expected,-0.738126,0.517844,0.795411,0.0473573,0.258142,1.0,oii_comparat,[OII] Comparat,z1.090_1.340,Output11,1.25,0,41.75,41.875,42.0,0.0005762604652827661,8.464604798798142e-05,5.86499382813653e-05,0.06379287452603523,0.04420109671598704,0.00025026674021130573,3.676131155609818e-05,2.5471344559563238e-05,0.06379287452603521,0.044201096715987036,1.09,1.34,
bestFitModel,0,map_dust,expected,-0.738126,0.517844,0.795411,0.0473573,0.258142,1.0,oii_comparat,[OII] Comparat,z1.090_1.340,Output11,1.25,1,42.0,42.125,42.25,0.0002770775606335599,5.869457350743492e-05,4.45754624107785e-05,0.0919985340337817,0.06986808065229573,0.00012033325564236873,2.5490729391943777e-05,1.935887735328692e-05,0.09199853403378172,0.06986808065229572,1.09,1.34,
bestFitModel,0,map_dust,expected,-0.738126,0.517844,0.795411,0.0473573,0.258142,1.0,oii_comparat,[OII] Comparat,z1.090_1.340,Output11,1.25,2,42.25,42.375,42.5,6.641726643784059e-05,2.873675809412539e-05,2.0658558976666228e-05,0.18790618972172546,0.13508382155468204,2.8844652317052212e-05,1.2480215468067263e-05,8.97189816763903e-06,0.18790618972172546,0.13508382155468204,1.09,1.34,
bestFitModel,0,map_dust,expected,-0.738126,0.517844,0.795411,0.0473573,0.258142,1.0,oii_comparat,[OII] Comparat,z1.090_1.340,Output11,1.25,3,42.5,42.625,42.75,3.644659278661057e-05,2.128755292688145e-05,1.4757109436397393e-05,0.25366065968077,0.1758444536802971,1.5828554131399832e-05,9.245066769368031e-06,6.408931197069794e-06,0.25366065968077,0.1758444536802971,1.09,1.34,
bestFitModel,0,map_dust,expected,-0.738126,0.517844,0.795411,0.0473573,0.258142,1.0,oii_comparat,[OII] Comparat,z1.090_1.340,Output11,1.25,4,42.75,42.875,43.0,2.7589693743061905e-05,1.8521267888058468e-05,1.4156233168434079e-05,0.29154671003401283,0.22283588962029574,1.1982051750012458e-05,8.043684441635686e-06,6.147973949586706e-06,0.2915467100340128,0.22283588962029574,1.09,1.34,
bestFitModel,0,map_dust,expected,-0.738126,0.517844,0.795411,0.0473573,0.258142,1.0,oii_comparat,[OII] Comparat,z1.090_1.340,Output11,1.25,5,43.0,43.125,43.25,2.0362758895762297e-06,5.0317097707214265e-06,1.6030022841591244e-06,1.0731570310041652,0.341886406479771,8.843433824755918e-07,2.185243787962992e-06,6.961750464886162e-07,1.0731570310041652,0.341886406479771,1.09,1.34,
bestFitModel,0,map_dust,expected,-0.738126,0.517844,0.795411,0.0473573,0.258142,1.0,oii_comparat,[OII] Comparat,z1.090_1.340,Output11,1.25,6,43.25,43.375,43.5,1.2204704091395372e-08,3.8954792973002604e-07,1.2202746109610148e-08,13.861746671749392,0.43422480871178215,5.3004356401550504e-09,1.69178516318586e-07,5.299585299470061e-09,13.861746671749394,0.43422480871178215,1.09,1.34,
bestFitModel,0,map_dust,expected,-0.738126,0.517844,0.795411,0.0473573,0.258142,1.0,oii_comparat,[OII] Comparat,z1.340_1.650,Output9,1.5,0,42.25,42.375,42.5,7.490202998511181e-05,3.0517156687127695e-05,1.9486435083374686e-05,0.17694357222669196,0.1129856057353547,3.2529538305885964e-05,1.3253432752596478e-05,8.462851228675557e-06,0.17694357222669194,0.11298560573535468,1.34,1.65,
bestFitModel,0,map_dust,expected,-0.738126,0.517844,0.795411,0.0473573,0.258142,1.0,oii_comparat,[OII] Comparat,z1.340_1.650,Output9,1.5,1,42.5,42.625,42.75,2.5723818269768855e-05,1.7884013535622246e-05,1.1456703194577066e-05,0.3019352846980595,0.1934231895913983,1.1171712328042668e-05,7.766928392803806e-06,4.975582978208176e-06,0.3019352846980596,0.1934231895913983,1.34,1.65,
bestFitModel,0,map_dust,expected,-0.738126,0.517844,0.795411,0.0473573,0.258142,1.0,oii_comparat,[OII] Comparat,z1.340_1.650,Output9,1.5,2,42.75,42.875,43.0,7.930307504792238e-06,9.929840838311639e-06,5.1639851697134515e-06,0.5437967039298668,0.2827999119178588,3.4440887891272143e-06,4.312475082256304e-06,2.2426902638367793e-06,0.5437967039298667,0.2827999119178588,1.34,1.65,
bestFitModel,0,map_dust,expected,-0.738126,0.517844,0.795411,0.0473573,0.258142,1.0,oii_comparat,[OII] Comparat,z1.340_1.650,Output9,1.5,3,43.0,43.125,43.375,4.5641053624756225e-07,1.9450441995303345e-06,4.3871175751125814e-07,1.8507941772311867,0.4174533239299962,1.9821657737482037e-07,8.447219629139516e-07,1.9053009543321688e-07,1.8507941772311864,0.41745332392999623,1.34,1.65,
bestFitModel,0,map_dust,expected,-0.738126,0.517844,0.795411,0.0473573,0.258142,1.0,oii_comparat,[OII] Comparat,z1.340_1.650,Output9,1.5,4,43.375,43.625,43.875,2.702707331953386e-12,4.099036500501207e-09,2.6970103648594994e-12,658.6687771335772,0.43337904376342506,1.1737708804668157e-12,1.7801889332876898e-09,1.1712967190943563e-12,658.6687771335771,0.43337904376342506,1.34,1.65,
bestFitModel,0,map_dust,expected,-0.738126,0.517844,0.795411,0.0473573,0.258142,1.0,oii_khostovan,[OII] Khostovan,z1.47,Output10,1.4699999999999998,0,41.575,41.65,41.725,0.0020286069923786594,0.000205031508681586,0.0001292804014241214,0.043894186094814824,0.027677004549264153,0.0008810128227404038,8.904405283671147e-05,5.6145764956733216e-05,0.04389418609481482,0.027677004549264143,,,1.47
bestFitModel,0,map_dust,expected,-0.738126,0.517844,0.795411,0.0473573,0.258142,1.0,oii_khostovan,[OII] Khostovan,z1.47,Output10,1.4699999999999998,1,41.725,41.8,41.875,0.001339084630409634,0.00016658107523248648,0.00010845648113501572,0.05402589210575025,0.035174812863898425,0.0005815570657883595,7.234524176297933e-05,4.710205128358145e-05,0.05402589210575024,0.03517481286389841,,,1.47
bestFitModel,0,map_dust,expected,-0.738126,0.517844,0.795411,0.0473573,0.258142,1.0,oii_khostovan,[OII] Khostovan,z1.47,Output10,1.4699999999999998,2,41.875,41.95,42.025,0.0008041655212952583,0.00012909052667555522,8.619219208348921e-05,0.06971612425123347,0.04654861768347395,0.0003492446484353826,5.606330340117816e-05,3.7432793405004514e-05,0.06971612425123347,0.04654861768347396,,,1.47
bestFitModel,0,map_dust,expected,-0.738126,0.517844,0.795411,0.0473573,0.258142,1.0,oii_khostovan,[OII] Khostovan,z1.47,Output10,1.4699999999999998,3,42.025,42.1,42.175,0.00040221976908594076,9.129633729540348e-05,5.619686281985612e-05,0.09857669501296945,0.06067823935755578,0.00017468182622642424,3.964949550537178e-05,2.4405987422937528e-05,0.09857669501296944,0.06067823935755577,,,1.47
bestFitModel,0,map_dust,expected,-0.738126,0.517844,0.795411,0.0473573,0.258142,1.0,oii_khostovan,[OII] Khostovan,z1.47,Output10,1.4699999999999998,4,42.175,42.25,42.325,0.0002297657319680056,6.900241278514762e-05,4.483324868194761e-05,0.13042574649370645,0.0847421081533488,9.97859895241664e-05,2.9967367110600002e-05,1.9470832508366082e-05,0.13042574649370645,0.0847421081533488,,,1.47
bestFitModel,0,map_dust,expected,-0.738126,0.517844,0.795411,0.0473573,0.258142,1.0,oii_khostovan,[OII] Khostovan,z1.47,Output10,1.4699999999999998,5,42.325,42.4,42.475,0.0001191657599524956,4.969324893805107e-05,2.8203598078952944e-05,0.18110490639461777,0.10278679899653426,5.175303197917635e-05,2.1581503801640206e-05,1.2248667015506417e-05,0.18110490639461774,0.10278679899653424,,,1.47
bestFitModel,0,map_dust,expected,-0.738126,0.517844,0.795411,0.0473573,0.258142,1.0,oii_khostovan,[OII] Khostovan,z1.47,Output10,1.4699999999999998,6,42.475,42.55,42.625,0.00012899058032501336,5.170120277630111e-05,2.801340876927009e-05,0.17407121525411534,0.0943174983563894,5.601989725265146e-05,2.2453547073508656e-05,1.2166068847794163e-05,0.17407121525411534,0.0943174983563894,,,1.47
bestFitModel,0,map_dust,expected,-0.738126,0.517844,0.795411,0.0473573,0.258142,1.0,oii_khostovan,[OII] Khostovan,z2.25,Output5,2.25,0,42.35,42.45,42.55,9.479723322374788e-05,3.838398943245129e-05,2.5404241652473974e-05,0.17584853731543604,0.11638443012957375,4.1169915288769315e-05,1.666995480394632e-05,1.1032921966606195e-05,0.175848537315436,0.11638443012957377,,,2.25
bestFitModel,0,map_dust,expected,-0.738126,0.517844,0.795411,0.0473573,0.258142,1.0,oii_khostovan,[OII] Khostovan,z2.25,Output5,2.25,1,42.55,42.65,42.75,2.553344464856636e-05,1.992080958019945e-05,1.2547720405225261e-05,0.3388300244954147,0.21342227057327873,1.1089034114854484e-05,8.651497675726055e-06,5.449405732454165e-06,0.33883002449541466,0.21342227057327873,,,2.25
bestFitModel,0,map_dust,expected,-0.738126,0.517844,0.795411,0.0473573,0.258142,1.0,oii_khostovan,[OII] Khostovan,z2.25,Output5,2.25,2,42.75,42.85,42.95,4.3110125606086945e-06,8.185438015106159e-06,3.98011054532529e-06,0.8246068671671365,0.40095917673588366,1.872248966487964e-06,3.5548905619217108e-06,1.728540047199716e-06,0.8246068671671364,0.4009591767358836,,,2.25
bestFitModel,0,map_dust,expected,-0.738126,0.517844,0.795411,0.0473573,0.258142,1.0,oii_khostovan,[OII] Khostovan,z3.34,Output1,3.25,0,43.0,43.05,43.1,2.168115035297046e-05,2.5960224175351275e-05,9.245368507506264e-06,0.5200084831652759,0.18519370331390017,9.41600395960981e-06,1.1274382108326455e-05,4.015212525972073e-06,0.5200084831652759,0.18519370331390017,,,3.34
bestFitModel,0,map_dust,expected,-0.738126,0.517844,0.795411,0.0473573,0.258142,1.0,oii_khostovan,[OII] Khostovan,z3.34,Output1,3.25,1,43.1,43.15,43.225,1.0708899048069292e-05,1.6318667125431132e-05,5.514667015032188e-06,0.6617960495078602,0.22364478770524496,4.6508157638354795e-06,7.08710708459074e-06,2.3949894541623563e-06,0.6617960495078601,0.22364478770524493,,,3.34
bestFitModel,0,map_dust,expected,-0.738126,0.517844,0.795411,0.0473573,0.258142,1.0,oii_khostovan,[OII] Khostovan,z3.34,Output1,3.25,2,43.225,43.3,43.375,8.41846605799392e-07,4.176746630531265e-06,6.192346134110797e-07,2.154713223824509,0.31945270522598035,3.65609335507658e-07,1.8139380139477285e-06,2.689301756079253e-07,2.154713223824509,0.3194527052259804,,,3.34
bestFitModel,0,map_dust,expected,-0.738126,0.517844,0.795411,0.0473573,0.258142,1.0,hbeta_oiii_khostovan,Hbeta+[OIII] Khostovan,z0.84,Output13,0.8399999999999994,0,41.0,41.1,41.2,0.01680019545168717,0.000510986524363076,0.000406787506008897,0.013209288457148225,0.010515685348714684,0.007296232179563847,0.00022191862785780547,0.00017666556916684986,0.013209288457148227,0.010515685348714684,,,0.84
bestFitModel,0,map_dust,expected,-0.738126,0.517844,0.795411,0.0473573,0.258142,1.0,hbeta_oiii_khostovan,Hbeta+[OIII] Khostovan,z0.84,Output13,0.8399999999999994,1,41.2,41.3,41.4,0.014557489143335139,0.0004756587798114741,0.0003711266345523699,0.014190358056048,0.011071844044425152,0.006322237205316947,0.00020657598334095708,0.00016117824947341897,0.014190358056048,0.011071844044425152,,,0.84
bestFitModel,0,map_dust,expected,-0.738126,0.517844,0.795411,0.0473573,0.258142,1.0,hbeta_oiii_khostovan,Hbeta+[OIII] Khostovan,z0.84,Output13,0.8399999999999994,2,41.4,41.5,41.6,0.01309879306447416,0.0004511987840705654,0.00035015737805687815,0.014959633395137522,0.011609574740153188,0.005688733547493713,0.00019595314216330339,0.00015207141708781295,0.014959633395137522,0.011609574740153186,,,0.84
bestFitModel,0,map_dust,expected,-0.738126,0.517844,0.795411,0.0473573,0.258142,1.0,hbeta_oiii_khostovan,Hbeta+[OIII] Khostovan,z0.84,Output13,0.8399999999999994,3,41.6,41.7,41.8,0.009664873829959767,0.00038757019767880215,0.00029716205987797987,0.01741560222755199,0.013353080972040748,0.004197401372642674,0.00016831959820205625,0.00012905584283601037,0.01741560222755199,0.01335308097204075,,,0.84
bestFitModel,0,map_dust,expected,-0.738126,0.517844,0.795411,0.0473573,0.258142,1.0,hbeta_oiii_khostovan,Hbeta+[OIII] Khostovan,z0.84,Output13,0.8399999999999994,4,41.8,41.9,42.0,0.0052668343452298046,0.00028610609479174623,0.00021480418134272352,0.0235918371572635,0.017712398858980984,0.00228735709323183,0.00012425429820694408,9.328827064689027e-05,0.023591837157263502,0.01771239885898099,,,0.84
bestFitModel,0,map_dust,expected,-0.738126,0.517844,0.795411,0.0473573,0.258142,1.0,hbeta_oiii_khostovan,Hbeta+[OIII] Khostovan,z0.84,Output13,0.8399999999999994,5,42.0,42.1,42.2,0.0018836679793588383,0.00017110175243116813,0.0001225492307511881,0.03944885602935487,0.02825468992409433,0.0008180666091733918,7.430854692483262e-05,5.322245467672929e-05,0.03944885602935488,0.02825468992409433,,,0.84
bestFitModel,0,map_dust,expected,-0.738126,0.517844,0.795411,0.0473573,0.258142,1.0,hbeta_oiii_khostovan,Hbeta+[OIII] Khostovan,z0.84,Output13,0.8399999999999994,6,42.2,42.3,42.4,0.0004676979616489895,8.525797603449774e-05,5.61831819097811e-05,0.07916876182114116,0.05217052003638394,0.00020311864394155483,3.702706853002206e-05,2.4400045879184532e-05,0.07916876182114115,0.05217052003638393,,,0.84
bestFitModel,0,map_dust,expected,-0.738126,0.517844,0.795411,0.0473573,0.258142,1.0,hbeta_oiii_khostovan,Hbeta+[OIII] Khostovan,z0.84,Output13,0.8399999999999994,7,42.4,42.5,42.6,0.00015890043782444636,4.969524395795396e-05,3.2471251674610454e-05,0.13582322694176324,0.08874793308219242,6.90095833191678e-05,2.158237022777532e-05,1.4102085422775044e-05,0.13582322694176327,0.08874793308219243,,,0.84
bestFitModel,0,map_dust,expected,-0.738126,0.517844,0.795411,0.0473573,0.258142,1.0,hbeta_oiii_khostovan,Hbeta+[OIII] Khostovan,z1.42,Output10,1.4699999999999998,0,41.8,41.95,42.1,0.006282668891498155,0.00025514010890873354,0.0002113013535947698,0.01763676286700429,0.014606374053720625,0.002728528431202868,0.00011080594141125766,9.176701188489636e-05,0.017636762867004288,0.014606374053720625,,,1.42
bestFitModel,0,map_dust,expected,-0.738126,0.517844,0.795411,0.0473573,0.258142,1.0,hbeta_oiii_khostovan,Hbeta+[OIII] Khostovan,z1.42,Output10,1.4699999999999998,1,42.1,42.25,42.4,0.0015051077619159445,0.00012487929785415244,9.864221907885455e-05,0.03603355941303013,0.028462926384822312,0.000653659995669848,5.4234389962011e-05,4.28397714286382e-05,0.03603355941303013,0.028462926384822312,,,1.42
bestFitModel,0,map_dust,expected,-0.738126,0.517844,0.795411,0.0473573,0.258142,1.0,hbeta_oiii_khostovan,Hbeta+[OIII] Khostovan,z1.42,Output10,1.4699999999999998,2,42.4,42.55,42.7,0.00031172612057078487,5.6832040319774857e-05,4.3112165633637255e-05,0.07917797026757896,0.060063544252577566,0.00013538093402899962,2.4681841506181336e-05,1.872337563758767e-05,0.07917797026757896,0.06006354425257757,,,1.42
bestFitModel,0,map_dust,expected,-0.738126,0.517844,0.795411,0.0473573,0.258142,1.0,hbeta_oiii_khostovan,Hbeta+[OIII] Khostovan,z1.42,Output10,1.4699999999999998,3,42.7,42.85,43.0,0.00017128153971402425,4.21271355048454e-05,3.2979473464800315e-05,0.10681584552948122,0.08362140698729816,7.438662754969342e-05,1.8295582488144917e-05,1.4322803341837494e-05,0.1068158455294812,0.08362140698729814,,,1.42
bestFitModel,0,map_dust,expected,-0.738126,0.517844,0.795411,0.0473573,0.258142,1.0,hbeta_oiii_khostovan,Hbeta+[OIII] Khostovan,z2.23,Output6,2.23,0,42.525,42.6,42.675,0.0004538015757091536,9.697385223660883e-05,6.288801635178871e-05,0.09280533865367763,0.06018471495332094,0.0001970835202094862,4.211520891526053e-05,2.7311918479423306e-05,0.09280533865367763,0.060184714953320936,,,2.23
bestFitModel,0,map_dust,expected,-0.738126,0.517844,0.795411,0.0473573,0.258142,1.0,hbeta_oiii_khostovan,Hbeta+[OIII] Khostovan,z2.23,Output6,2.23,1,42.675,42.75,42.825,0.00038675728557562803,8.952429302587844e-05,6.136363392839677e-05,0.10052792256922087,0.06890597436314527,0.00016796655496137538,3.887990645742878e-05,2.664988760463388e-05,0.10052792256922088,0.06890597436314527,,,2.23
bestFitModel,0,map_dust,expected,-0.738126,0.517844,0.795411,0.0473573,0.258142,1.0,hbeta_oiii_khostovan,Hbeta+[OIII] Khostovan,z2.23,Output6,2.23,2,42.825,42.9,42.975,0.00036809458022931,8.733762137627885e-05,5.7023647865969415e-05,0.10304483973288653,0.06727905526551599,0.00015986144501208314,3.793024702627339e-05,2.4765055606184656e-05,0.10304483973288653,0.06727905526551599,,,2.23
bestFitModel,0,map_dust,expected,-0.738126,0.517844,0.795411,0.0473573,0.258142,1.0,hbeta_oiii_khostovan,Hbeta+[OIII] Khostovan,z2.23,Output6,2.23,3,42.975,43.05,43.125,0.0005208943551300386,0.00010389543693226242,7.720090164442529e-05,0.08662258385070154,0.06436607586918369,0.00022622154408752856,4.512121495460888e-05,3.352792558212958e-05,0.08662258385070155,0.0643660758691837,,,2.23
bestFitModel,0,map_dust,expected,-0.738126,0.517844,0.795411,0.0473573,0.258142,1.0,hbeta_oiii_khostovan,Hbeta+[OIII] Khostovan,z3.24,Output1,3.25,0,42.575,42.65,42.725,0.0003821715268940253,8.899196821196006e-05,5.3997437665843635e-05,0.10112925220324168,0.0613619476201677,0.00016597498527061539,3.864872072816385e-05,2.3450789215190695e-05,0.10112925220324169,0.0613619476201677,,,3.24
bestFitModel,0,map_dust,expected,-0.738126,0.517844,0.795411,0.0473573,0.258142,1.0,hbeta_oiii_khostovan,Hbeta+[OIII] Khostovan,z3.24,Output1,3.25,1,42.725,42.8,42.875,0.00019701883000180505,6.389627140834721e-05,4.3676481965734216e-05,0.14084845639669807,0.09627737159179899,8.556419070081877e-05,2.774979808683771e-05,1.8968455106665263e-05,0.14084845639669807,0.096277371591799,,,3.24
bestFitModel,0,map_dust,expected,-0.738126,0.517844,0.795411,0.0473573,0.258142,1.0,hbeta_oiii_khostovan,Hbeta+[OIII] Khostovan,z3.24,Output1,3.25,2,42.875,42.95,43.025,9.294509060197396e-05,4.388689705030314e-05,2.4915577718687706e-05,0.20506556175650184,0.11642032781479554,4.036553996843508e-05,1.905983721680275e-05,1.0820697916657683e-05,0.2050655617565018,0.11642032781479555,,,3.24
bestFitModel,0,map_dust,expected,-0.738126,0.517844,0.795411,0.0473573,0.258142,1.0,hbeta_oiii_khostovan,Hbeta+[OIII] Khostovan,z3.24,Output1,3.25,3,43.025,43.1,43.175,7.990831043935372e-05,4.069280454164766e-05,2.2710875704198586e-05,0.22116173359738095,0.12343156729624184,3.470373828202333e-05,1.7672660465605163e-05,9.863207997524074e-06,0.22116173359738098,0.12343156729624187,,,3.24
