ssfr_split_log10_per_year,target_redshift,redshift,output_name,mode_criterion,lambda_threshold,population,mass_low_log10_msun,mass_high_log10_msun,mass_center_log10_msun,fraction,lower,upper,effective_n,effective_successes,total_weight,success_weight,raw_n,raw_successes,is_upper_limit
-11.5,0.05,0.05,pooled_selected_outputs,inclusive,0.001,star_forming,10,10.4,10.2,0.0670666009109,0.0633693385055,0.0709633115431,4340.8882819,291.128622001,0.00334299004806,0.000224202979402,4341,291,False
-11.5,0.05,0.05,pooled_selected_outputs,inclusive,0.001,star_forming,10.4,10.8,10.6,0.0924593138954,0.0868737728942,0.0983654476411,2541.93685785,235.025737843,0.00195751431059,0.000180990430098,2542,235,False
-11.5,0.05,0.05,pooled_selected_outputs,inclusive,0.001,star_forming,10.8,11.2,11,0.132586152861,0.122169818566,0.14374585983,987.974147315,130.991691318,0.000760874828084,0.000100881466264,988,131,False
-11.5,0.05,0.05,pooled_selected_outputs,inclusive,0.001,star_forming,11.2,11.6,11.4,0.385343366752,0.344451009966,0.427926872215,134.997794,52.020504444,0.000104005480268,4.00778219271e-05,135,52,False
-11.5,0.05,0.05,pooled_selected_outputs,inclusive,0.001,star_forming,11.6,12,11.8,0,0.00131271404374,0.0630571020649,14.9999893706,0,1.15527875603e-05,0,15,0,True
-11.5,0.05,0.05,pooled_selected_outputs,inclusive,0.001,quiescent,10,10.4,10.2,0,0.000169414302714,0.0083665472965,117.998633627,0,9.0893273906e-05,0,118,0,True
-11.5,0.05,0.05,pooled_selected_outputs,inclusive,0.001,quiescent,10.4,10.8,10.6,0,0.000343887851504,0.0169111733943,57.9989908527,0,4.46771680809e-05,0,58,0,True
-11.5,0.05,0.05,pooled_selected_outputs,inclusive,0.001,quiescent,10.8,11.2,11,0,0.000185064174424,0.00913594608947,107.998094617,0,8.3171556918e-05,0,108,0,True
-11.5,0.05,0.05,pooled_selected_outputs,inclusive,0.001,quiescent,11.2,11.6,11.4,0,0.000130724914987,0.00646193480965,152.998642439,0,0.000117819008543,0,153,0,True
-11.5,0.05,0.05,pooled_selected_outputs,inclusive,0.001,quiescent,11.6,12,11.8,0,0.000621021467311,0.0303350166333,31.9999655819,0,2.46523046175e-05,0,32,0,True
-11.5,0.05,0.05,pooled_selected_outputs,thin_disk_dominated,0.001,star_forming,10,10.4,10.2,0.0633799365275,0.0597820119365,0.0671790083468,4340.8882819,275.12522378,0.00334299004806,0.000211878497058,4341,275,False
-11.5,0.05,0.05,pooled_selected_outputs,thin_disk_dominated,0.001,star_forming,10.4,10.8,10.6,0.0857837601002,0.0803916860274,0.0915016798337,2541.93685785,218.056901604,0.00195751431059,0.000167922938012,2542,218,False
-11.5,0.05,0.05,pooled_selected_outputs,thin_disk_dominated,0.001,star_forming,10.8,11.2,11,0.117398753509,0.107545135157,0.128026483569,987.974147315,115.986933394,0.000760874828084,8.93257563935e-05,988,116,False
-11.5,0.05,0.05,pooled_selected_outputs,thin_disk_dominated,0.001,star_forming,11.2,11.6,11.4,0.318733065676,0.280097026746,0.360042843133,134.997794,43.0282607411,0.000104005480268,3.3149985573e-05,135,43,False
-11.5,0.05,0.05,pooled_selected_outputs,thin_disk_dominated,0.001,star_forming,11.6,12,11.8,0,0.00131271404374,0.0630571020649,14.9999893706,0,1.15527875603e-05,0,15,0,True
-11.5,0.05,0.05,pooled_selected_outputs,thin_disk_dominated,0.001,quiescent,10,10.4,10.2,0,0.000169414302714,0.0083665472965,117.998633627,0,9.0893273906e-05,0,118,0,True
-11.5,0.05,0.05,pooled_selected_outputs,thin_disk_dominated,0.001,quiescent,10.4,10.8,10.6,0,0.000343887851504,0.0169111733943,57.9989908527,0,4.46771680809e-05,0,58,0,True
-11.5,0.05,0.05,pooled_selected_outputs,thin_disk_dominated,0.001,quiescent,10.8,11.2,11,0,0.000185064174424,0.00913594608947,107.998094617,0,8.3171556918e-05,0,108,0,True
-11.5,0.05,0.05,pooled_selected_outputs,thin_disk_dominated,0.001,quiescent,11.2,11.6,11.4,0,0.000130724914987,0.00646193480965,152.998642439,0,0.000117819008543,0,153,0,True
-11.5,0.05,0.05,pooled_selected_outputs,thin_disk_dominated,0.001,quiescent,11.6,12,11.8,0,0.000621021467311,0.0303350166333,31.9999655819,0,2.46523046175e-05,0,32,0,True
-11,0.05,0.05,pooled_selected_outputs,inclusive,0.001,star_forming,10,10.4,10.2,0.0703212675877,0.066444351331,0.0744064460401,4125.89184663,290.137944585,0.00317735463159,0.000223435605269,4126,290,False
-11,0.05,0.05,pooled_selected_outputs,inclusive,0.001,star_forming,10.4,10.8,10.6,0.0980119611769,0.092107441482,0.104251689997,2397.93934994,235.026738471,0.00184661573878,0.000180990430098,2398,235,False
-11,0.05,0.05,pooled_selected_outputs,inclusive,0.001,star_forming,10.8,11.2,11,0.189575805298,0.175119700829,0.204929679755,690.981704504,130.993413077,0.000532143150366,0.000100881466264,691,131,False
-11,0.05,0.05,pooled_selected_outputs,inclusive,0.001,star_forming,11.2,11.6,11.4,0.693703348815,0.638224943738,0.744056767762,74.998907033,52.0269929662,5.77737183994e-05,4.00778219271e-05,75,52,False
-11,0.05,0.05,pooled_selected_outputs,inclusive,0.001,star_forming,11.6,12,11.8,0,0.0019521154924,0.0923340993261,9.99999182442,0,7.70089102111e-06,0,10,0,True
-11,0.05,0.05,pooled_selected_outputs,inclusive,0.001,quiescent,10,10.4,10.2,0.00299137742416,0.00124591309617,0.00774601578816,332.995099907,0.996114024216,0.000256528690374,7.67374133035e-07,333,1,False
-11,0.05,0.05,pooled_selected_outputs,inclusive,0.001,quiescent,10.4,10.8,10.6,0,9.90560763585e-05,0.00490026238073,201.99649759,0,0.000155575739895,0,202,0,True
-11,0.05,0.05,pooled_selected_outputs,inclusive,0.001,quiescent,10.8,11.2,11,0,4.94379297019e-05,0.00244862273716,404.990537618,0,0.000311903234637,0,405,0,True
-11,0.05,0.05,pooled_selected_outputs,inclusive,0.001,quiescent,11.2,11.6,11.4,0,9.39462165154e-05,0.00464805656114,212.997515436,0,0.000164050770412,0,213,0,True
-11,0.05,0.05,pooled_selected_outputs,inclusive,0.001,quiescent,11.6,12,11.8,0,0.000537689345202,0.0263176175026,36.9999636001,0,2.85042011567e-05,0,37,0,True
-11,0.05,0.05,pooled_selected_outputs,thin_disk_dominated,0.001,star_forming,10,10.4,10.2,0.0666839310133,0.0629045855612,0.0706733022323,4125.89184663,275.130687269,0.00317735463159,0.000211878497058,4126,275,False
-11,0.05,0.05,pooled_selected_outputs,thin_disk_dominated,0.001,star_forming,10.4,10.8,10.6,0.0909355067685,0.0852341893845,0.0969779358295,2397.93934994,218.057829987,0.00184661573878,0.000167922938012,2398,218,False
-11,0.05,0.05,pooled_selected_outputs,thin_disk_dominated,0.001,star_forming,10.8,11.2,11,0.167860389318,0.154127533586,0.182553830934,690.981704504,115.98845793,0.000532143150366,8.93257563935e-05,691,116,False
-11,0.05,0.05,pooled_selected_outputs,thin_disk_dominated,0.001,star_forming,11.2,11.6,11.4,0.573790063915,0.516083303999,0.629544718445,74.998907033,43.03362766,5.77737183994e-05,3.3149985573e-05,75,43,False
-11,0.05,0.05,pooled_selected_outputs,thin_disk_dominated,0.001,star_forming,11.6,12,11.8,0,0.0019521154924,0.0923340993261,9.99999182442,0,7.70089102111e-06,0,10,0,True
-11,0.05,0.05,pooled_selected_outputs,thin_disk_dominated,0.001,quiescent,10,10.4,10.2,0,6.01183464526e-05,0.00297684321154,332.995099907,0,0.000256528690374,0,333,0,True
-11,0.05,0.05,pooled_selected_outputs,thin_disk_dominated,0.001,quiescent,10.4,10.8,10.6,0,9.90560763585e-05,0.00490026238073,201.99649759,0,0.000155575739895,0,202,0,True
-11,0.05,0.05,pooled_selected_outputs,thin_disk_dominated,0.001,quiescent,10.8,11.2,11,0,4.94379297019e-05,0.00244862273716,404.990537618,0,0.000311903234637,0,405,0,True
-11,0.05,0.05,pooled_selected_outputs,thin_disk_dominated,0.001,quiescent,11.2,11.6,11.4,0,9.39462165154e-05,0.00464805656114,212.997515436,0,0.000164050770412,0,213,0,True
-11,0.05,0.05,pooled_selected_outputs,thin_disk_dominated,0.001,quiescent,11.6,12,11.8,0,0.000537689345202,0.0263176175026,36.9999636001,0,2.85042011567e-05,0,37,0,True
-10.5,0.05,0.05,pooled_selected_outputs,inclusive,0.001,star_forming,10,10.4,10.2,0.0813876143076,0.0768717583169,0.0861440960418,3478.90352326,283.139658164,0.00267910692214,0.000218046120868,3479,283,False
-10.5,0.05,0.05,pooled_selected_outputs,inclusive,0.001,star_forming,10.4,10.8,10.6,0.129910188676,0.12201232617,0.138239018904,1716.95423538,223.049848667,0.0013222124839,0.000171768873253,1717,223,False
-10.5,0.05,0.05,pooled_selected_outputs,inclusive,0.001,star_forming,10.8,11.2,11,0.631847419356,0.596252479536,0.666058799293,189.994796315,120.047721743,0.000146247031249,9.24058092833e-05,190,120,False
-10.5,0.05,0.05,pooled_selected_outputs,inclusive,0.001,star_forming,11.2,11.6,11.4,1,0.976203269158,0.999514428474,40.9993607173,40.9993607173,3.16065783777e-05,3.16065783777e-05,41,41,False
-10.5,0.05,0.05,pooled_selected_outputs,inclusive,0.001,star_forming,11.6,12,11.8,0,0.01560833203,0.537560439332,1,0,7.70646790263e-07,0,1,0,True
-10.5,0.05,0.05,pooled_selected_outputs,inclusive,0.001,quiescent,10,10.4,10.2,0.00815719534405,0.00575833540804,0.0115609579791,979.983397324,7.9939160059,0.000754776399828,6.15685853447e-06,980,8,False
-10.5,0.05,0.05,pooled_selected_outputs,inclusive,0.001,quiescent,10.4,10.8,10.6,0.0135615319224,0.0101964056589,0.0180289886409,882.981608628,11.9745832723,0.000679978994772,9.22155684417e-06,883,12,False
-10.5,0.05,0.05,pooled_selected_outputs,inclusive,0.001,quiescent,10.8,11.2,11,0.0121462665957,0.0090211362507,0.0163490042415,905.977505269,11.0042443087,0.000697799353753,8.47565698097e-06,906,11,False
-10.5,0.05,0.05,pooled_selected_outputs,inclusive,0.001,quiescent,11.2,11.6,11.4,0.0445344159762,0.0331905221184,0.0595615201105,246.997096498,10.9998714404,0.000190217910434,8.47124354937e-06,247,11,False
-10.5,0.05,0.05,pooled_selected_outputs,inclusive,0.001,quiescent,11.6,12,11.8,0,0.000433084039999,0.0212514812422,45.999954453,0,3.54344453875e-05,0,46,0,True
-10.5,0.05,0.05,pooled_selected_outputs,thin_disk_dominated,0.001,star_forming,10,10.4,10.2,0.0776458288716,0.0732295990017,0.0823048359349,3478.90352326,270.122347628,0.00267910692214,0.000208021477605,3479,270,False
-10.5,0.05,0.05,pooled_selected_outputs,thin_disk_dominated,0.001,star_forming,10.4,10.8,10.6,0.124103123218,0.116365496597,0.132278481186,1716.95423538,213.079383034,0.0013222124839,0.00016409069881,1717,213,False
-10.5,0.05,0.05,pooled_selected_outputs,thin_disk_dominated,0.001,star_forming,10.8,11.2,11,0.594972016972,0.558950932102,0.629996510669,189.994796315,113.041587178,0.000146247031249,8.70128911584e-05,190,113,False
-10.5,0.05,0.05,pooled_selected_outputs,thin_disk_dominated,0.001,star_forming,11.2,11.6,11.4,0.975629490925,0.938370715409,0.989830849318,40.9993607173,40.0001854248,3.16065783777e-05,3.08363099725e-05,41,40,False
-10.5,0.05,0.05,pooled_selected_outputs,thin_disk_dominated,0.001,star_forming,11.6,12,11.8,0,0.01560833203,0.537560439332,1,0,7.70646790263e-07,0,1,0,True
-10.5,0.05,0.05,pooled_selected_outputs,thin_disk_dominated,0.001,quiescent,10,10.4,10.2,0.00511014845416,0.00330185407175,0.00793056929422,979.983397324,5.00786064294,0.000754776399828,3.85701945281e-06,980,5,False
-10.5,0.05,0.05,pooled_selected_outputs,thin_disk_dominated,0.001,quiescent,10.4,10.8,10.6,0.00563581997614,0.00363696250516,0.00875673650815,882.981608628,4.97632538847,0.000679978994772,3.83223920209e-06,883,5,False
-10.5,0.05,0.05,pooled_selected_outputs,thin_disk_dominated,0.001,quiescent,10.8,11.2,11,0.00331451329467,0.00190263017058,0.00582689476001,905.977505269,3.00287448588,0.000697799353753,2.31286523503e-06,906,3,False
-10.5,0.05,0.05,pooled_selected_outputs,thin_disk_dominated,0.001,quiescent,11.2,11.6,11.4,0.0121632899612,0.00699101272559,0.0212926232571,246.997096498,3.00429730428,0.000190217910434,2.31367560041e-06,247,3,False
-10.5,0.05,0.05,pooled_selected_outputs,thin_disk_dominated,0.001,quiescent,11.6,12,11.8,0,0.000433084039999,0.0212514812422,45.999954453,0,3.54344453875e-05,0,46,0,True
