target_redshift,redshift,output_name,mode_criterion,lambda_threshold,population,mass_low_log10_msun,mass_high_log10_msun,mass_center_log10_msun,fraction,lower,upper,effective_n,effective_successes,total_weight,success_weight,raw_n,raw_successes,is_upper_limit
0,0,Output19,inclusive,0.1,star_forming,10,10.4,10.2,0.00639761858251,0.00490956513567,0.0083370017347,2188.94322179,14.0040238318,0.00168572980894,1.07846563508e-05,2189,14,False
0,0,Output19,inclusive,0.1,star_forming,10.4,10.8,10.6,0.00860887359373,0.00639125928052,0.0115961251476,1277.967663,11.0018620677,0.000984177713856,8.47266153235e-06,1278,11,False
0,0,Output19,inclusive,0.1,star_forming,10.8,11.2,11,0.0100740852589,0.00651305305774,0.0156095893587,496.986919758,5.00668860218,0.000382732199262,3.85567680667e-06,497,5,False
0,0,Output19,inclusive,0.1,star_forming,11.2,11.6,11.4,0.0134832104633,0.00562104592639,0.034507974307,73.9986643765,0.99773956579,5.70133112448e-05,7.68722474722e-07,74,1,False
0,0,Output19,inclusive,0.1,star_forming,11.6,12,11.8,0,0.00242438619705,0.113374432262,7.9999931998,0,6.16096527907e-06,0,8,0,True
0,0,Output19,inclusive,0.1,quiescent,10,10.4,10.2,0,0.000338082133808,0.0166280114767,58.9994625938,0,4.54590169745e-05,0,59,0,True
0,0,Output19,inclusive,0.1,quiescent,10.4,10.8,10.6,0,0.0006023599096,0.0294367713408,32.9994638178,0,2.54201266134e-05,0,33,0,True
0,0,Output19,inclusive,0.1,quiescent,10.8,11.2,11,0,0.000321794790897,0.0158332023541,61.9988787042,0,4.77428770976e-05,0,62,0,True
0,0,Output19,inclusive,0.1,quiescent,11.2,11.6,11.4,0,0.000256003234228,0.0126162039234,77.9993400342,0,6.00715761076e-05,0,78,0,True
0,0,Output19,inclusive,0.1,quiescent,11.6,12,11.8,0,0.00123200171158,0.0592956736149,15.9999845281,0,1.23270586746e-05,0,16,0,True
0,0,Output19,inclusive,0.01,star_forming,10,10.4,10.2,0.0406647046685,0.0366504094206,0.0450986328519,2188.94322179,89.0127296502,0.00168572980894,6.85497048317e-05,2189,89,False
0,0,Output19,inclusive,0.01,star_forming,10.4,10.8,10.6,0.0633673990168,0.0568910329893,0.0705268688285,1277.967663,80.9814868321,0.000984177713856,6.23647818973e-05,1278,81,False
0,0,Output19,inclusive,0.01,star_forming,10.8,11.2,11,0.0724100611319,0.0616347832821,0.0849045419116,496.986919758,35.9868532414,0.000382732199262,2.77136619457e-05,497,36,False
0,0,Output19,inclusive,0.01,star_forming,11.2,11.6,11.4,0.216540115701,0.172679419527,0.268002831079,73.9986643765,16.0236793458,5.70133112448e-05,1.23456690135e-05,74,16,False
0,0,Output19,inclusive,0.01,star_forming,11.6,12,11.8,0,0.00242438619705,0.113374432262,7.9999931998,0,6.16096527907e-06,0,8,0,True
0,0,Output19,inclusive,0.01,quiescent,10,10.4,10.2,0,0.000338082133808,0.0166280114767,58.9994625938,0,4.54590169745e-05,0,59,0,True
0,0,Output19,inclusive,0.01,quiescent,10.4,10.8,10.6,0,0.0006023599096,0.0294367713408,32.9994638178,0,2.54201266134e-05,0,33,0,True
0,0,Output19,inclusive,0.01,quiescent,10.8,11.2,11,0,0.000321794790897,0.0158332023541,61.9988787042,0,4.77428770976e-05,0,62,0,True
0,0,Output19,inclusive,0.01,quiescent,11.2,11.6,11.4,0,0.000256003234228,0.0126162039234,77.9993400342,0,6.00715761076e-05,0,78,0,True
0,0,Output19,inclusive,0.01,quiescent,11.6,12,11.8,0,0.00123200171158,0.0592956736149,15.9999845281,0,1.23270586746e-05,0,16,0,True
0,0,Output19,inclusive,0.001,star_forming,10,10.4,10.2,0.0603171930541,0.0554279912581,0.0656080523662,2188.94322179,132.030910893,0.00168572980894,0.000101678490323,2189,132,False
0,0,Output19,inclusive,0.001,star_forming,10.4,10.8,10.6,0.0954255613309,0.0875226274284,0.103961406277,1277.967663,121.950781605,0.000984177713856,9.39157107941e-05,1278,122,False
0,0,Output19,inclusive,0.001,star_forming,10.8,11.2,11,0.118665453159,0.104926583193,0.133937308646,496.986919758,58.9751780472,0.000382732199262,4.54170898639e-05,497,59,False
0,0,Output19,inclusive,0.001,star_forming,11.2,11.6,11.4,0.405633863054,0.35019270381,0.46360496396,73.9986643765,30.0163640918,5.70133112448e-05,2.31265296857e-05,74,30,False
0,0,Output19,inclusive,0.001,star_forming,11.6,12,11.8,0,0.00242438619705,0.113374432262,7.9999931998,0,6.16096527907e-06,0,8,0,True
0,0,Output19,inclusive,0.001,quiescent,10,10.4,10.2,0,0.000338082133808,0.0166280114767,58.9994625938,0,4.54590169745e-05,0,59,0,True
0,0,Output19,inclusive,0.001,quiescent,10.4,10.8,10.6,0,0.0006023599096,0.0294367713408,32.9994638178,0,2.54201266134e-05,0,33,0,True
0,0,Output19,inclusive,0.001,quiescent,10.8,11.2,11,0,0.000321794790897,0.0158332023541,61.9988787042,0,4.77428770976e-05,0,62,0,True
0,0,Output19,inclusive,0.001,quiescent,11.2,11.6,11.4,0,0.000256003234228,0.0126162039234,77.9993400342,0,6.00715761076e-05,0,78,0,True
0,0,Output19,inclusive,0.001,quiescent,11.6,12,11.8,0,0.00123200171158,0.0592956736149,15.9999845281,0,1.23270586746e-05,0,16,0,True
0,0,Output19,thin_disk_dominated,0.1,star_forming,10,10.4,10.2,0.00639761858251,0.00490956513567,0.0083370017347,2188.94322179,14.0040238318,0.00168572980894,1.07846563508e-05,2189,14,False
0,0,Output19,thin_disk_dominated,0.1,star_forming,10.4,10.8,10.6,0.00860887359373,0.00639125928052,0.0115961251476,1277.967663,11.0018620677,0.000984177713856,8.47266153235e-06,1278,11,False
0,0,Output19,thin_disk_dominated,0.1,star_forming,10.8,11.2,11,0.0100740852589,0.00651305305774,0.0156095893587,496.986919758,5.00668860218,0.000382732199262,3.85567680667e-06,497,5,False
0,0,Output19,thin_disk_dominated,0.1,star_forming,11.2,11.6,11.4,0.0134832104633,0.00562104592639,0.034507974307,73.9986643765,0.99773956579,5.70133112448e-05,7.68722474722e-07,74,1,False
0,0,Output19,thin_disk_dominated,0.1,star_forming,11.6,12,11.8,0,0.00242438619705,0.113374432262,7.9999931998,0,6.16096527907e-06,0,8,0,True
0,0,Output19,thin_disk_dominated,0.1,quiescent,10,10.4,10.2,0,0.000338082133808,0.0166280114767,58.9994625938,0,4.54590169745e-05,0,59,0,True
0,0,Output19,thin_disk_dominated,0.1,quiescent,10.4,10.8,10.6,0,0.0006023599096,0.0294367713408,32.9994638178,0,2.54201266134e-05,0,33,0,True
0,0,Output19,thin_disk_dominated,0.1,quiescent,10.8,11.2,11,0,0.000321794790897,0.0158332023541,61.9988787042,0,4.77428770976e-05,0,62,0,True
0,0,Output19,thin_disk_dominated,0.1,quiescent,11.2,11.6,11.4,0,0.000256003234228,0.0126162039234,77.9993400342,0,6.00715761076e-05,0,78,0,True
0,0,Output19,thin_disk_dominated,0.1,quiescent,11.6,12,11.8,0,0.00123200171158,0.0592956736149,15.9999845281,0,1.23270586746e-05,0,16,0,True
0,0,Output19,thin_disk_dominated,0.01,star_forming,10,10.4,10.2,0.0406647046685,0.0366504094206,0.0450986328519,2188.94322179,89.0127296502,0.00168572980894,6.85497048317e-05,2189,89,False
0,0,Output19,thin_disk_dominated,0.01,star_forming,10.4,10.8,10.6,0.0633673990168,0.0568910329893,0.0705268688285,1277.967663,80.9814868321,0.000984177713856,6.23647818973e-05,1278,81,False
0,0,Output19,thin_disk_dominated,0.01,star_forming,10.8,11.2,11,0.0724100611319,0.0616347832821,0.0849045419116,496.986919758,35.9868532414,0.000382732199262,2.77136619457e-05,497,36,False
0,0,Output19,thin_disk_dominated,0.01,star_forming,11.2,11.6,11.4,0.216540115701,0.172679419527,0.268002831079,73.9986643765,16.0236793458,5.70133112448e-05,1.23456690135e-05,74,16,False
0,0,Output19,thin_disk_dominated,0.01,star_forming,11.6,12,11.8,0,0.00242438619705,0.113374432262,7.9999931998,0,6.16096527907e-06,0,8,0,True
0,0,Output19,thin_disk_dominated,0.01,quiescent,10,10.4,10.2,0,0.000338082133808,0.0166280114767,58.9994625938,0,4.54590169745e-05,0,59,0,True
0,0,Output19,thin_disk_dominated,0.01,quiescent,10.4,10.8,10.6,0,0.0006023599096,0.0294367713408,32.9994638178,0,2.54201266134e-05,0,33,0,True
0,0,Output19,thin_disk_dominated,0.01,quiescent,10.8,11.2,11,0,0.000321794790897,0.0158332023541,61.9988787042,0,4.77428770976e-05,0,62,0,True
0,0,Output19,thin_disk_dominated,0.01,quiescent,11.2,11.6,11.4,0,0.000256003234228,0.0126162039234,77.9993400342,0,6.00715761076e-05,0,78,0,True
0,0,Output19,thin_disk_dominated,0.01,quiescent,11.6,12,11.8,0,0.00123200171158,0.0592956736149,15.9999845281,0,1.23270586746e-05,0,16,0,True
0,0,Output19,thin_disk_dominated,0.001,star_forming,10,10.4,10.2,0.056215516208,0.0514933629314,0.0613430772384,2188.94322179,123.052573163,0.00168572980894,9.47641713971e-05,2189,123,False
0,0,Output19,thin_disk_dominated,0.001,star_forming,10.4,10.8,10.6,0.0891926705149,0.0815398721296,0.097488135962,1277.967663,113.985348695,0.000984177713856,8.778143856e-05,1278,114,False
0,0,Output19,thin_disk_dominated,0.001,star_forming,10.8,11.2,11,0.104577162208,0.0916439124567,0.119100085341,496.986919758,51.9734817226,0.000382732199262,4.00250472843e-05,497,52,False
0,0,Output19,thin_disk_dominated,0.001,star_forming,11.2,11.6,11.4,0.351696869645,0.298524752831,0.408845150368,73.9986643765,26.0250986192,5.70133112448e-05,2.00514030929e-05,74,26,False
0,0,Output19,thin_disk_dominated,0.001,star_forming,11.6,12,11.8,0,0.00242438619705,0.113374432262,7.9999931998,0,6.16096527907e-06,0,8,0,True
0,0,Output19,thin_disk_dominated,0.001,quiescent,10,10.4,10.2,0,0.000338082133808,0.0166280114767,58.9994625938,0,4.54590169745e-05,0,59,0,True
0,0,Output19,thin_disk_dominated,0.001,quiescent,10.4,10.8,10.6,0,0.0006023599096,0.0294367713408,32.9994638178,0,2.54201266134e-05,0,33,0,True
0,0,Output19,thin_disk_dominated,0.001,quiescent,10.8,11.2,11,0,0.000321794790897,0.0158332023541,61.9988787042,0,4.77428770976e-05,0,62,0,True
0,0,Output19,thin_disk_dominated,0.001,quiescent,11.2,11.6,11.4,0,0.000256003234228,0.0126162039234,77.9993400342,0,6.00715761076e-05,0,78,0,True
0,0,Output19,thin_disk_dominated,0.001,quiescent,11.6,12,11.8,0,0.00123200171158,0.0592956736149,15.9999845281,0,1.23270586746e-05,0,16,0,True
0.1,0.1,Output18,inclusive,0.1,star_forming,10,10.4,10.2,0.00790925217873,0.0062197949204,0.0100563082806,2151.94506033,17.0202761569,0.00165726023912,1.3107689157e-05,2152,17,False
0.1,0.1,Output18,inclusive,0.1,star_forming,10.4,10.8,10.6,0.00871707525208,0.00647305983245,0.0117390744882,1263.96919732,11.0181146094,0.000973336596733,8.48464835932e-06,1264,11,False
0.1,0.1,Output18,inclusive,0.1,star_forming,10.8,11.2,11,0.0102014201766,0.00659605430691,0.0158048318254,490.987229198,5.00876702641,0.000378142628823,3.85759184332e-06,491,5,False
0.1,0.1,Output18,inclusive,0.1,star_forming,11.2,11.6,11.4,0.0163742701649,0.00682941520664,0.0417613817349,60.9991300761,0.998816235688,4.69921690232e-05,7.69462471219e-07,61,1,False
0.1,0.1,Output18,inclusive,0.1,star_forming,11.6,12,11.8,0,0.00275794591345,0.127942087951,6.99999629315,0,5.39182228118e-06,0,7,0,True
0.1,0.1,Output18,inclusive,0.1,quiescent,10,10.4,10.2,0,0.000338083748093,0.0166280902212,58.9991796359,0,4.54342569315e-05,0,59,0,True
0.1,0.1,Output18,inclusive,0.1,quiescent,10.4,10.8,10.6,0,0.000793116314395,0.0385800777102,24.9995270477,0,1.92570414675e-05,0,25,0,True
0.1,0.1,Output18,inclusive,0.1,quiescent,10.8,11.2,11,0,0.000433090945745,0.0212518165476,45.9992168041,0,3.54286798204e-05,0,46,0,True
0.1,0.1,Output18,inclusive,0.1,quiescent,11.2,11.6,11.4,0,0.00026620808774,0.0131158643549,74.9993045407,0,5.77474324357e-05,0,75,0,True
0.1,0.1,Output18,inclusive,0.1,quiescent,11.6,12,11.8,0,0.00123200196168,0.0592956852937,15.9999812264,0,1.23252459429e-05,0,16,0,True
0.1,0.1,Output18,inclusive,0.01,star_forming,10,10.4,10.2,0.0567093838469,0.0519278653272,0.0619028196659,2151.94506033,122.035478444,0.00165726023912,9.39822070344e-05,2152,122,False
0.1,0.1,Output18,inclusive,0.01,star_forming,10.4,10.8,10.6,0.0593855025267,0.0530827240716,0.0663852547814,1263.96919732,75.0614459614,0.000973336596733,5.78020829246e-05,1264,75,False
0.1,0.1,Output18,inclusive,0.01,star_forming,10.8,11.2,11,0.0753531261557,0.0642958765555,0.0881385628011,490.987229198,36.9974226226,0.000378142628823,2.84942292145e-05,491,37,False
0.1,0.1,Output18,inclusive,0.01,star_forming,11.2,11.6,11.4,0.114675212205,0.0801472411468,0.161729350718,60.9991300761,6.9950881858,4.69921690232e-05,5.38883695471e-06,61,7,False
0.1,0.1,Output18,inclusive,0.01,star_forming,11.6,12,11.8,0,0.00275794591345,0.127942087951,6.99999629315,0,5.39182228118e-06,0,7,0,True
0.1,0.1,Output18,inclusive,0.01,quiescent,10,10.4,10.2,0,0.000338083748093,0.0166280902212,58.9991796359,0,4.54342569315e-05,0,59,0,True
0.1,0.1,Output18,inclusive,0.01,quiescent,10.4,10.8,10.6,0,0.000793116314395,0.0385800777102,24.9995270477,0,1.92570414675e-05,0,25,0,True
0.1,0.1,Output18,inclusive,0.01,quiescent,10.8,11.2,11,0,0.000433090945745,0.0212518165476,45.9992168041,0,3.54286798204e-05,0,46,0,True
0.1,0.1,Output18,inclusive,0.01,quiescent,11.2,11.6,11.4,0,0.00026620808774,0.0131158643549,74.9993045407,0,5.77474324357e-05,0,75,0,True
0.1,0.1,Output18,inclusive,0.01,quiescent,11.6,12,11.8,0,0.00123200196168,0.0592956852937,15.9999812264,0,1.23252459429e-05,0,16,0,True
0.1,0.1,Output18,inclusive,0.001,star_forming,10,10.4,10.2,0.0739319547933,0.0684883428183,0.0797714693171,2151.94506033,159.097504918,0.00165726023912,0.000122524489079,2152,159,False
0.1,0.1,Output18,inclusive,0.001,star_forming,10.4,10.8,10.6,0.0894600281092,0.0817557148531,0.0978137001404,1263.96919732,113.074719922,0.000973336596733,8.70747193035e-05,1264,113,False
0.1,0.1,Output18,inclusive,0.001,star_forming,10.8,11.2,11,0.146675810059,0.131433884596,0.163355388806,490.987229198,72.0159495712,0.000378142628823,5.54643764004e-05,491,72,False
0.1,0.1,Output18,inclusive,0.001,star_forming,11.2,11.6,11.4,0.360725895267,0.301973523761,0.424000306215,60.9991300761,22.0039658072,4.69921690232e-05,1.69512922414e-05,61,22,False
0.1,0.1,Output18,inclusive,0.001,star_forming,11.6,12,11.8,0,0.00275794591345,0.127942087951,6.99999629315,0,5.39182228118e-06,0,7,0,True
0.1,0.1,Output18,inclusive,0.001,quiescent,10,10.4,10.2,0,0.000338083748093,0.0166280902212,58.9991796359,0,4.54342569315e-05,0,59,0,True
0.1,0.1,Output18,inclusive,0.001,quiescent,10.4,10.8,10.6,0,0.000793116314395,0.0385800777102,24.9995270477,0,1.92570414675e-05,0,25,0,True
0.1,0.1,Output18,inclusive,0.001,quiescent,10.8,11.2,11,0,0.000433090945745,0.0212518165476,45.9992168041,0,3.54286798204e-05,0,46,0,True
0.1,0.1,Output18,inclusive,0.001,quiescent,11.2,11.6,11.4,0,0.00026620808774,0.0131158643549,74.9993045407,0,5.77474324357e-05,0,75,0,True
0.1,0.1,Output18,inclusive,0.001,quiescent,11.6,12,11.8,0,0.00123200196168,0.0592956852937,15.9999812264,0,1.23252459429e-05,0,16,0,True
0.1,0.1,Output18,thin_disk_dominated,0.1,star_forming,10,10.4,10.2,0.00790925217873,0.0062197949204,0.0100563082806,2151.94506033,17.0202761569,0.00165726023912,1.3107689157e-05,2152,17,False
0.1,0.1,Output18,thin_disk_dominated,0.1,star_forming,10.4,10.8,10.6,0.00871707525208,0.00647305983245,0.0117390744882,1263.96919732,11.0181146094,0.000973336596733,8.48464835932e-06,1264,11,False
0.1,0.1,Output18,thin_disk_dominated,0.1,star_forming,10.8,11.2,11,0.0102014201766,0.00659605430691,0.0158048318254,490.987229198,5.00876702641,0.000378142628823,3.85759184332e-06,491,5,False
0.1,0.1,Output18,thin_disk_dominated,0.1,star_forming,11.2,11.6,11.4,0.0163742701649,0.00682941520664,0.0417613817349,60.9991300761,0.998816235688,4.69921690232e-05,7.69462471219e-07,61,1,False
0.1,0.1,Output18,thin_disk_dominated,0.1,star_forming,11.6,12,11.8,0,0.00275794591345,0.127942087951,6.99999629315,0,5.39182228118e-06,0,7,0,True
0.1,0.1,Output18,thin_disk_dominated,0.1,quiescent,10,10.4,10.2,0,0.000338083748093,0.0166280902212,58.9991796359,0,4.54342569315e-05,0,59,0,True
0.1,0.1,Output18,thin_disk_dominated,0.1,quiescent,10.4,10.8,10.6,0,0.000793116314395,0.0385800777102,24.9995270477,0,1.92570414675e-05,0,25,0,True
0.1,0.1,Output18,thin_disk_dominated,0.1,quiescent,10.8,11.2,11,0,0.000433090945745,0.0212518165476,45.9992168041,0,3.54286798204e-05,0,46,0,True
0.1,0.1,Output18,thin_disk_dominated,0.1,quiescent,11.2,11.6,11.4,0,0.00026620808774,0.0131158643549,74.9993045407,0,5.77474324357e-05,0,75,0,True
0.1,0.1,Output18,thin_disk_dominated,0.1,quiescent,11.6,12,11.8,0,0.00123200196168,0.0592956852937,15.9999812264,0,1.23252459429e-05,0,16,0,True
0.1,0.1,Output18,thin_disk_dominated,0.01,star_forming,10,10.4,10.2,0.0567093838469,0.0519278653272,0.0619028196659,2151.94506033,122.035478444,0.00165726023912,9.39822070344e-05,2152,122,False
0.1,0.1,Output18,thin_disk_dominated,0.01,star_forming,10.4,10.8,10.6,0.0593855025267,0.0530827240716,0.0663852547814,1263.96919732,75.0614459614,0.000973336596733,5.78020829246e-05,1264,75,False
0.1,0.1,Output18,thin_disk_dominated,0.01,star_forming,10.8,11.2,11,0.0753531261557,0.0642958765555,0.0881385628011,490.987229198,36.9974226226,0.000378142628823,2.84942292145e-05,491,37,False
0.1,0.1,Output18,thin_disk_dominated,0.01,star_forming,11.2,11.6,11.4,0.114675212205,0.0801472411468,0.161729350718,60.9991300761,6.9950881858,4.69921690232e-05,5.38883695471e-06,61,7,False
0.1,0.1,Output18,thin_disk_dominated,0.01,star_forming,11.6,12,11.8,0,0.00275794591345,0.127942087951,6.99999629315,0,5.39182228118e-06,0,7,0,True
0.1,0.1,Output18,thin_disk_dominated,0.01,quiescent,10,10.4,10.2,0,0.000338083748093,0.0166280902212,58.9991796359,0,4.54342569315e-05,0,59,0,True
0.1,0.1,Output18,thin_disk_dominated,0.01,quiescent,10.4,10.8,10.6,0,0.000793116314395,0.0385800777102,24.9995270477,0,1.92570414675e-05,0,25,0,True
0.1,0.1,Output18,thin_disk_dominated,0.01,quiescent,10.8,11.2,11,0,0.000433090945745,0.0212518165476,45.9992168041,0,3.54286798204e-05,0,46,0,True
0.1,0.1,Output18,thin_disk_dominated,0.01,quiescent,11.2,11.6,11.4,0,0.00026620808774,0.0131158643549,74.9993045407,0,5.77474324357e-05,0,75,0,True
0.1,0.1,Output18,thin_disk_dominated,0.01,quiescent,11.6,12,11.8,0,0.00123200196168,0.0592956852937,15.9999812264,0,1.23252459429e-05,0,16,0,True
0.1,0.1,Output18,thin_disk_dominated,0.001,star_forming,10,10.4,10.2,0.0706674322455,0.0653414517438,0.0763923503888,2151.94506033,152.072431747,0.00165726023912,0.000117114325661,2152,152,False
0.1,0.1,Output18,thin_disk_dominated,0.001,star_forming,10.4,10.8,10.6,0.0823368809117,0.0749339244107,0.0904004703733,1263.96919732,104.071281276,0.000973336596733,8.01414994523e-05,1264,104,False
0.1,0.1,Output18,thin_disk_dominated,0.001,star_forming,10.8,11.2,11,0.130375962273,0.115934992601,0.146320945458,490.987229198,64.0129324704,0.000378142628823,4.93007091092e-05,491,64,False
0.1,0.1,Output18,thin_disk_dominated,0.001,star_forming,11.2,11.6,11.4,0.278739686895,0.225313490314,0.339350940713,60.9991300761,17.0028784183,4.69921690232e-05,1.309858248e-05,61,17,False
0.1,0.1,Output18,thin_disk_dominated,0.001,star_forming,11.6,12,11.8,0,0.00275794591345,0.127942087951,6.99999629315,0,5.39182228118e-06,0,7,0,True
0.1,0.1,Output18,thin_disk_dominated,0.001,quiescent,10,10.4,10.2,0,0.000338083748093,0.0166280902212,58.9991796359,0,4.54342569315e-05,0,59,0,True
0.1,0.1,Output18,thin_disk_dominated,0.001,quiescent,10.4,10.8,10.6,0,0.000793116314395,0.0385800777102,24.9995270477,0,1.92570414675e-05,0,25,0,True
0.1,0.1,Output18,thin_disk_dominated,0.001,quiescent,10.8,11.2,11,0,0.000433090945745,0.0212518165476,45.9992168041,0,3.54286798204e-05,0,46,0,True
0.1,0.1,Output18,thin_disk_dominated,0.001,quiescent,11.2,11.6,11.4,0,0.00026620808774,0.0131158643549,74.9993045407,0,5.77474324357e-05,0,75,0,True
0.1,0.1,Output18,thin_disk_dominated,0.001,quiescent,11.6,12,11.8,0,0.00123200196168,0.0592956852937,15.9999812264,0,1.23252459429e-05,0,16,0,True
0.05,0.05,pooled_selected_outputs,inclusive,0.1,star_forming,10,10.4,10.2,0.00714699869406,0.00597880985198,0.00854233590012,4340.8882819,31.0243228818,0.00334299004806,2.38923455078e-05,4341,31,False
0.05,0.05,pooled_selected_outputs,inclusive,0.1,star_forming,10.4,10.8,10.6,0.00866267480137,0.00701157407469,0.0107005188954,2541.93685785,22.0199723652,0.00195751431059,1.69573098917e-05,2542,22,False
0.05,0.05,pooled_selected_outputs,inclusive,0.1,star_forming,10.8,11.2,11,0.0101373686779,0.00742234479528,0.013844815749,987.974147315,10.0154581755,0.000760874828084,7.71326864999e-06,988,10,False
0.05,0.05,pooled_selected_outputs,inclusive,0.1,star_forming,11.2,11.6,11.4,0.0147894605359,0.00761133475744,0.0291654602406,134.997794,1.9965445468,0.000104005480268,1.53818494594e-06,135,2,False
0.05,0.05,pooled_selected_outputs,inclusive,0.1,star_forming,11.6,12,11.8,0,0.00131271404374,0.0630571020649,14.9999893706,0,1.15527875603e-05,0,15,0,True
0.05,0.05,pooled_selected_outputs,inclusive,0.1,quiescent,10,10.4,10.2,0,0.000169414302714,0.0083665472965,117.998633627,0,9.0893273906e-05,0,118,0,True
0.05,0.05,pooled_selected_outputs,inclusive,0.1,quiescent,10.4,10.8,10.6,0,0.000343887851504,0.0169111733943,57.9989908527,0,4.46771680809e-05,0,58,0,True
0.05,0.05,pooled_selected_outputs,inclusive,0.1,quiescent,10.8,11.2,11,0,0.000185064174424,0.00913594608947,107.998094617,0,8.3171556918e-05,0,108,0,True
0.05,0.05,pooled_selected_outputs,inclusive,0.1,quiescent,11.2,11.6,11.4,0,0.000130724914987,0.00646193480965,152.998642439,0,0.000117819008543,0,153,0,True
0.05,0.05,pooled_selected_outputs,inclusive,0.1,quiescent,11.6,12,11.8,0,0.000621021467311,0.0303350166333,31.9999655819,0,2.46523046175e-05,0,32,0,True
0.05,0.05,pooled_selected_outputs,inclusive,0.01,star_forming,10,10.4,10.2,0.0486187244142,0.0454576736755,0.0519877261268,4340.8882819,211.048451091,0.00334299004806,0.000162531911866,4341,211,False
0.05,0.05,pooled_selected_outputs,inclusive,0.01,star_forming,10.4,10.8,10.6,0.0613874770529,0.0567978240835,0.0663221763855,2541.93685785,156.043090531,0.00195751431059,0.000120166864822,2542,156,False
0.05,0.05,pooled_selected_outputs,inclusive,0.01,star_forming,10.8,11.2,11,0.073872717411,0.0659790356711,0.0826286401217,987.974147315,72.9843349939,0.000760874828084,5.62078911602e-05,988,73,False
0.05,0.05,pooled_selected_outputs,inclusive,0.01,star_forming,11.2,11.6,11.4,0.170515110574,0.14063543832,0.205256046332,134.997794,23.0191637711,0.000104005480268,1.77345059682e-05,135,23,False
0.05,0.05,pooled_selected_outputs,inclusive,0.01,star_forming,11.6,12,11.8,0,0.00131271404374,0.0630571020649,14.9999893706,0,1.15527875603e-05,0,15,0,True
0.05,0.05,pooled_selected_outputs,inclusive,0.01,quiescent,10,10.4,10.2,0,0.000169414302714,0.0083665472965,117.998633627,0,9.0893273906e-05,0,118,0,True
0.05,0.05,pooled_selected_outputs,inclusive,0.01,quiescent,10.4,10.8,10.6,0,0.000343887851504,0.0169111733943,57.9989908527,0,4.46771680809e-05,0,58,0,True
0.05,0.05,pooled_selected_outputs,inclusive,0.01,quiescent,10.8,11.2,11,0,0.000185064174424,0.00913594608947,107.998094617,0,8.3171556918e-05,0,108,0,True
0.05,0.05,pooled_selected_outputs,inclusive,0.01,quiescent,11.2,11.6,11.4,0,0.000130724914987,0.00646193480965,152.998642439,0,0.000117819008543,0,153,0,True
0.05,0.05,pooled_selected_outputs,inclusive,0.01,quiescent,11.6,12,11.8,0,0.000621021467311,0.0303350166333,31.9999655819,0,2.46523046175e-05,0,32,0,True
0.05,0.05,pooled_selected_outputs,inclusive,0.001,star_forming,10,10.4,10.2,0.0670666009109,0.0633693385055,0.0709633115431,4340.8882819,291.128622001,0.00334299004806,0.000224202979402,4341,291,False
0.05,0.05,pooled_selected_outputs,inclusive,0.001,star_forming,10.4,10.8,10.6,0.0924593138954,0.0868737728942,0.0983654476411,2541.93685785,235.025737843,0.00195751431059,0.000180990430098,2542,235,False
0.05,0.05,pooled_selected_outputs,inclusive,0.001,star_forming,10.8,11.2,11,0.132586152861,0.122169818566,0.14374585983,987.974147315,130.991691318,0.000760874828084,0.000100881466264,988,131,False
0.05,0.05,pooled_selected_outputs,inclusive,0.001,star_forming,11.2,11.6,11.4,0.385343366752,0.344451009966,0.427926872215,134.997794,52.020504444,0.000104005480268,4.00778219271e-05,135,52,False
0.05,0.05,pooled_selected_outputs,inclusive,0.001,star_forming,11.6,12,11.8,0,0.00131271404374,0.0630571020649,14.9999893706,0,1.15527875603e-05,0,15,0,True
0.05,0.05,pooled_selected_outputs,inclusive,0.001,quiescent,10,10.4,10.2,0,0.000169414302714,0.0083665472965,117.998633627,0,9.0893273906e-05,0,118,0,True
0.05,0.05,pooled_selected_outputs,inclusive,0.001,quiescent,10.4,10.8,10.6,0,0.000343887851504,0.0169111733943,57.9989908527,0,4.46771680809e-05,0,58,0,True
0.05,0.05,pooled_selected_outputs,inclusive,0.001,quiescent,10.8,11.2,11,0,0.000185064174424,0.00913594608947,107.998094617,0,8.3171556918e-05,0,108,0,True
0.05,0.05,pooled_selected_outputs,inclusive,0.001,quiescent,11.2,11.6,11.4,0,0.000130724914987,0.00646193480965,152.998642439,0,0.000117819008543,0,153,0,True
0.05,0.05,pooled_selected_outputs,inclusive,0.001,quiescent,11.6,12,11.8,0,0.000621021467311,0.0303350166333,31.9999655819,0,2.46523046175e-05,0,32,0,True
0.05,0.05,pooled_selected_outputs,thin_disk_dominated,0.1,star_forming,10,10.4,10.2,0.00714699869406,0.00597880985198,0.00854233590012,4340.8882819,31.0243228818,0.00334299004806,2.38923455078e-05,4341,31,False
0.05,0.05,pooled_selected_outputs,thin_disk_dominated,0.1,star_forming,10.4,10.8,10.6,0.00866267480137,0.00701157407469,0.0107005188954,2541.93685785,22.0199723652,0.00195751431059,1.69573098917e-05,2542,22,False
0.05,0.05,pooled_selected_outputs,thin_disk_dominated,0.1,star_forming,10.8,11.2,11,0.0101373686779,0.00742234479528,0.013844815749,987.974147315,10.0154581755,0.000760874828084,7.71326864999e-06,988,10,False
0.05,0.05,pooled_selected_outputs,thin_disk_dominated,0.1,star_forming,11.2,11.6,11.4,0.0147894605359,0.00761133475744,0.0291654602406,134.997794,1.9965445468,0.000104005480268,1.53818494594e-06,135,2,False
0.05,0.05,pooled_selected_outputs,thin_disk_dominated,0.1,star_forming,11.6,12,11.8,0,0.00131271404374,0.0630571020649,14.9999893706,0,1.15527875603e-05,0,15,0,True
0.05,0.05,pooled_selected_outputs,thin_disk_dominated,0.1,quiescent,10,10.4,10.2,0,0.000169414302714,0.0083665472965,117.998633627,0,9.0893273906e-05,0,118,0,True
0.05,0.05,pooled_selected_outputs,thin_disk_dominated,0.1,quiescent,10.4,10.8,10.6,0,0.000343887851504,0.0169111733943,57.9989908527,0,4.46771680809e-05,0,58,0,True
0.05,0.05,pooled_selected_outputs,thin_disk_dominated,0.1,quiescent,10.8,11.2,11,0,0.000185064174424,0.00913594608947,107.998094617,0,8.3171556918e-05,0,108,0,True
0.05,0.05,pooled_selected_outputs,thin_disk_dominated,0.1,quiescent,11.2,11.6,11.4,0,0.000130724914987,0.00646193480965,152.998642439,0,0.000117819008543,0,153,0,True
0.05,0.05,pooled_selected_outputs,thin_disk_dominated,0.1,quiescent,11.6,12,11.8,0,0.000621021467311,0.0303350166333,31.9999655819,0,2.46523046175e-05,0,32,0,True
0.05,0.05,pooled_selected_outputs,thin_disk_dominated,0.01,star_forming,10,10.4,10.2,0.0486187244142,0.0454576736755,0.0519877261268,4340.8882819,211.048451091,0.00334299004806,0.000162531911866,4341,211,False
0.05,0.05,pooled_selected_outputs,thin_disk_dominated,0.01,star_forming,10.4,10.8,10.6,0.0613874770529,0.0567978240835,0.0663221763855,2541.93685785,156.043090531,0.00195751431059,0.000120166864822,2542,156,False
0.05,0.05,pooled_selected_outputs,thin_disk_dominated,0.01,star_forming,10.8,11.2,11,0.073872717411,0.0659790356711,0.0826286401217,987.974147315,72.9843349939,0.000760874828084,5.62078911602e-05,988,73,False
0.05,0.05,pooled_selected_outputs,thin_disk_dominated,0.01,star_forming,11.2,11.6,11.4,0.170515110574,0.14063543832,0.205256046332,134.997794,23.0191637711,0.000104005480268,1.77345059682e-05,135,23,False
0.05,0.05,pooled_selected_outputs,thin_disk_dominated,0.01,star_forming,11.6,12,11.8,0,0.00131271404374,0.0630571020649,14.9999893706,0,1.15527875603e-05,0,15,0,True
0.05,0.05,pooled_selected_outputs,thin_disk_dominated,0.01,quiescent,10,10.4,10.2,0,0.000169414302714,0.0083665472965,117.998633627,0,9.0893273906e-05,0,118,0,True
0.05,0.05,pooled_selected_outputs,thin_disk_dominated,0.01,quiescent,10.4,10.8,10.6,0,0.000343887851504,0.0169111733943,57.9989908527,0,4.46771680809e-05,0,58,0,True
0.05,0.05,pooled_selected_outputs,thin_disk_dominated,0.01,quiescent,10.8,11.2,11,0,0.000185064174424,0.00913594608947,107.998094617,0,8.3171556918e-05,0,108,0,True
0.05,0.05,pooled_selected_outputs,thin_disk_dominated,0.01,quiescent,11.2,11.6,11.4,0,0.000130724914987,0.00646193480965,152.998642439,0,0.000117819008543,0,153,0,True
0.05,0.05,pooled_selected_outputs,thin_disk_dominated,0.01,quiescent,11.6,12,11.8,0,0.000621021467311,0.0303350166333,31.9999655819,0,2.46523046175e-05,0,32,0,True
0.05,0.05,pooled_selected_outputs,thin_disk_dominated,0.001,star_forming,10,10.4,10.2,0.0633799365275,0.0597820119365,0.0671790083468,4340.8882819,275.12522378,0.00334299004806,0.000211878497058,4341,275,False
0.05,0.05,pooled_selected_outputs,thin_disk_dominated,0.001,star_forming,10.4,10.8,10.6,0.0857837601002,0.0803916860274,0.0915016798337,2541.93685785,218.056901604,0.00195751431059,0.000167922938012,2542,218,False
0.05,0.05,pooled_selected_outputs,thin_disk_dominated,0.001,star_forming,10.8,11.2,11,0.117398753509,0.107545135157,0.128026483569,987.974147315,115.986933394,0.000760874828084,8.93257563935e-05,988,116,False
0.05,0.05,pooled_selected_outputs,thin_disk_dominated,0.001,star_forming,11.2,11.6,11.4,0.318733065676,0.280097026746,0.360042843133,134.997794,43.0282607411,0.000104005480268,3.3149985573e-05,135,43,False
0.05,0.05,pooled_selected_outputs,thin_disk_dominated,0.001,star_forming,11.6,12,11.8,0,0.00131271404374,0.0630571020649,14.9999893706,0,1.15527875603e-05,0,15,0,True
0.05,0.05,pooled_selected_outputs,thin_disk_dominated,0.001,quiescent,10,10.4,10.2,0,0.000169414302714,0.0083665472965,117.998633627,0,9.0893273906e-05,0,118,0,True
0.05,0.05,pooled_selected_outputs,thin_disk_dominated,0.001,quiescent,10.4,10.8,10.6,0,0.000343887851504,0.0169111733943,57.9989908527,0,4.46771680809e-05,0,58,0,True
0.05,0.05,pooled_selected_outputs,thin_disk_dominated,0.001,quiescent,10.8,11.2,11,0,0.000185064174424,0.00913594608947,107.998094617,0,8.3171556918e-05,0,108,0,True
0.05,0.05,pooled_selected_outputs,thin_disk_dominated,0.001,quiescent,11.2,11.6,11.4,0,0.000130724914987,0.00646193480965,152.998642439,0,0.000117819008543,0,153,0,True
0.05,0.05,pooled_selected_outputs,thin_disk_dominated,0.001,quiescent,11.6,12,11.8,0,0.000621021467311,0.0303350166333,31.9999655819,0,2.46523046175e-05,0,32,0,True
